CREATE DATABASE  IF NOT EXISTS `6pcards` /*!40100 DEFAULT CHARACTER SET latin1 */;
USE `6pcards`;
-- MySQL dump 10.13  Distrib 5.5.16, for Win32 (x86)
--
-- Host: localhost    Database: 6pcards
-- ------------------------------------------------------
-- Server version	5.5.21

/*!40101 SET @OLD_CHARACTER_SET_CLIENT=@@CHARACTER_SET_CLIENT */;
/*!40101 SET @OLD_CHARACTER_SET_RESULTS=@@CHARACTER_SET_RESULTS */;
/*!40101 SET @OLD_COLLATION_CONNECTION=@@COLLATION_CONNECTION */;
/*!40101 SET NAMES utf8 */;
/*!40103 SET @OLD_TIME_ZONE=@@TIME_ZONE */;
/*!40103 SET TIME_ZONE='+00:00' */;
/*!40014 SET @OLD_UNIQUE_CHECKS=@@UNIQUE_CHECKS, UNIQUE_CHECKS=0 */;
/*!40014 SET @OLD_FOREIGN_KEY_CHECKS=@@FOREIGN_KEY_CHECKS, FOREIGN_KEY_CHECKS=0 */;
/*!40101 SET @OLD_SQL_MODE=@@SQL_MODE, SQL_MODE='NO_AUTO_VALUE_ON_ZERO' */;
/*!40111 SET @OLD_SQL_NOTES=@@SQL_NOTES, SQL_NOTES=0 */;

--
-- Table structure for table `player_score`
--

DROP TABLE IF EXISTS `player_score`;
/*!40101 SET @saved_cs_client     = @@character_set_client */;
/*!40101 SET character_set_client = utf8 */;
CREATE TABLE `player_score` (
  `player_score_id` int(11) NOT NULL AUTO_INCREMENT,
  `game_id` int(11) NOT NULL,
  `team_color` varchar(200) NOT NULL,
  `timestamp` timestamp NOT NULL DEFAULT CURRENT_TIMESTAMP,
  `position` int(11) NOT NULL,
  `player_name` varchar(200) DEFAULT NULL,
  `score_id` int(11) DEFAULT NULL,
  PRIMARY KEY (`player_score_id`),
  KEY `player_name` (`player_name`),
  KEY `game_id` (`game_id`),
  KEY `score_id` (`score_id`),
  KEY `fk_score_id` (`score_id`),
  CONSTRAINT `fk_score_id` FOREIGN KEY (`score_id`) REFERENCES `game_score` (`score_id`) ON DELETE CASCADE ON UPDATE CASCADE
) ENGINE=InnoDB AUTO_INCREMENT=2389 DEFAULT CHARSET=latin1;
/*!40101 SET character_set_client = @saved_cs_client */;

--
-- Dumping data for table `player_score`
--

LOCK TABLES `player_score` WRITE;
/*!40000 ALTER TABLE `player_score` DISABLE KEYS */;
INSERT INTO `player_score` VALUES (1,85,'RED','2013-04-06 02:40:11',1,'Mitchell',913),(2,85,'BLUE','2013-04-06 02:40:11',2,'Joe',913),(3,85,'BLUE','2013-04-06 02:40:11',3,'David',913),(4,85,'BLUE','2013-04-06 02:40:11',4,'Ted',913),(5,85,'RED','2013-04-06 02:40:11',5,'Stanley',913),(6,85,'RED','2013-04-06 02:40:11',6,'Ian',913),(7,85,'BLUE','2013-04-06 02:46:13',1,'David',914),(8,85,'RED','2013-04-06 02:46:13',2,'Stanley',914),(9,85,'RED','2013-04-06 02:46:13',3,'Mitchell',914),(10,85,'BLUE','2013-04-06 02:46:13',4,'Ted',914),(11,85,'BLUE','2013-04-06 02:46:13',5,'Joe',914),(12,85,'RED','2013-04-06 02:46:13',6,'Ian',914),(13,85,'BLUE','2013-04-06 02:51:20',1,'Ted',915),(14,85,'BLUE','2013-04-06 02:51:20',2,'Joe',915),(15,85,'BLUE','2013-04-06 02:51:20',3,'David',915),(16,85,'RED','2013-04-06 02:51:20',4,'Mitchell',915),(17,85,'RED','2013-04-06 02:51:20',5,'Stanley',915),(18,85,'RED','2013-04-06 02:51:20',6,'Ian',915),(19,85,'BLUE','2013-04-06 02:57:32',1,'Joe',916),(20,85,'BLUE','2013-04-06 02:57:32',2,'David',916),(21,85,'BLUE','2013-04-06 02:57:32',3,'Ted',916),(22,85,'RED','2013-04-06 02:57:32',4,'Mitchell',916),(23,85,'RED','2013-04-06 02:57:32',5,'Stanley',916),(24,85,'RED','2013-04-06 02:57:32',6,'Ian',916),(25,85,'BLUE','2013-04-06 03:11:32',1,'Joe',917),(26,85,'BLUE','2013-04-06 03:11:32',2,'Ted',917),(27,85,'RED','2013-04-06 03:11:32',3,'Stanley',917),(28,85,'BLUE','2013-04-06 03:11:32',4,'David',917),(29,85,'RED','2013-04-06 03:11:32',5,'Ian',917),(30,85,'RED','2013-04-06 03:11:32',6,'Mitchell',917),(31,85,'BLUE','2013-04-06 03:17:30',1,'Joe',918),(32,85,'RED','2013-04-06 03:17:30',2,'Stanley',918),(33,85,'RED','2013-04-06 03:17:30',3,'Mitchell',918),(34,85,'BLUE','2013-04-06 03:17:30',4,'Ted',918),(35,85,'BLUE','2013-04-06 03:17:30',5,'David',918),(36,85,'RED','2013-04-06 03:17:30',6,'Ian',918),(37,85,'BLUE','2013-04-06 03:22:05',1,'Joe',919),(38,85,'BLUE','2013-04-06 03:22:05',2,'David',919),(39,85,'RED','2013-04-06 03:22:05',3,'Stanley',919),(40,85,'RED','2013-04-06 03:22:05',4,'Mitchell',919),(41,85,'RED','2013-04-06 03:22:05',5,'Ian',919),(42,85,'BLUE','2013-04-06 03:22:05',6,'Ted',919),(43,85,'BLUE','2013-04-06 03:28:54',1,'Joe',920),(44,85,'BLUE','2013-04-06 03:28:54',2,'David',920),(45,85,'RED','2013-04-06 03:28:54',3,'Stanley',920),(46,85,'RED','2013-04-06 03:28:54',4,'Mitchell',920),(47,85,'RED','2013-04-06 03:28:54',5,'Ian',920),(48,85,'BLUE','2013-04-06 03:28:54',6,'Ted',920),(49,85,'BLUE','2013-04-06 03:29:36',1,'Joe',921),(50,85,'BLUE','2013-04-06 03:29:36',2,'David',921),(51,85,'BLUE','2013-04-06 03:29:36',3,'Ted',921),(52,85,'RED','2013-04-06 03:29:36',4,'Stanley',921),(53,85,'RED','2013-04-06 03:29:36',5,'Ian',921),(54,85,'RED','2013-04-06 03:29:36',6,'Mitchell',921),(55,86,'RED','2013-04-06 03:38:29',1,'Ian',922),(56,86,'RED','2013-04-06 03:38:29',2,'Joe',922),(57,86,'BLUE','2013-04-06 03:38:29',3,'Ted',922),(58,86,'BLUE','2013-04-06 03:38:29',4,'Mitchell',922),(59,86,'BLUE','2013-04-06 03:38:29',5,'David',922),(60,86,'RED','2013-04-06 03:38:29',6,'Stanley',922),(61,86,'RED','2013-04-06 03:44:29',1,'Joe',923),(62,86,'BLUE','2013-04-06 03:44:29',2,'Mitchell',923),(63,86,'BLUE','2013-04-06 03:44:29',3,'David',923),(64,86,'RED','2013-04-06 03:44:29',4,'Ian',923),(65,86,'RED','2013-04-06 03:44:29',5,'Stanley',923),(66,86,'BLUE','2013-04-06 03:44:29',6,'Ted',923),(67,86,'BLUE','2013-04-06 03:48:55',1,'Mitchell',924),(68,86,'BLUE','2013-04-06 03:48:55',2,'David',924),(69,86,'RED','2013-04-06 03:48:55',3,'Joe',924),(70,86,'RED','2013-04-06 03:48:55',4,'Stanley',924),(71,86,'BLUE','2013-04-06 03:48:55',5,'Ted',924),(72,86,'RED','2013-04-06 03:48:55',6,'Ian',924),(73,86,'BLUE','2013-04-06 03:55:55',1,'David',925),(74,86,'RED','2013-04-06 03:55:55',2,'Stanley',925),(75,86,'RED','2013-04-06 03:55:55',3,'Ian',925),(76,86,'BLUE','2013-04-06 03:55:55',4,'Ted',925),(77,86,'BLUE','2013-04-06 03:55:55',5,'Mitchell',925),(78,86,'RED','2013-04-06 03:55:55',6,'Joe',925),(79,86,'BLUE','2013-04-06 04:02:20',1,'Mitchell',926),(80,86,'RED','2013-04-06 04:02:20',2,'Joe',926),(81,86,'RED','2013-04-06 04:02:20',3,'Stanley',926),(82,86,'BLUE','2013-04-06 04:02:20',4,'Ted',926),(83,86,'BLUE','2013-04-06 04:02:20',5,'David',926),(84,86,'RED','2013-04-06 04:02:20',6,'Ian',926),(85,86,'RED','2013-04-06 04:09:51',1,'Joe',927),(86,86,'BLUE','2013-04-06 04:09:51',2,'David',927),(87,86,'BLUE','2013-04-06 04:09:51',3,'Ted',927),(88,86,'BLUE','2013-04-06 04:09:51',4,'Mitchell',927),(89,86,'RED','2013-04-06 04:09:51',5,'Stanley',927),(90,86,'RED','2013-04-06 04:09:51',6,'Ian',927),(91,86,'BLUE','2013-04-06 04:21:55',1,'David',928),(92,86,'RED','2013-04-06 04:21:55',2,'Joe',928),(93,86,'RED','2013-04-06 04:21:55',3,'Ian',928),(94,86,'BLUE','2013-04-06 04:21:55',4,'Ted',928),(95,86,'RED','2013-04-06 04:21:55',5,'Stanley',928),(96,86,'BLUE','2013-04-06 04:21:55',6,'Mitchell',928),(97,86,'RED','2013-04-06 04:27:13',1,'Joe',929),(98,86,'BLUE','2013-04-06 04:27:13',2,'David',929),(99,86,'RED','2013-04-06 04:27:13',3,'Ian',929),(100,86,'BLUE','2013-04-06 04:27:13',4,'Ted',929),(101,86,'BLUE','2013-04-06 04:27:13',5,'Mitchell',929),(102,86,'RED','2013-04-06 04:27:13',6,'Stanley',929),(103,86,'RED','2013-04-06 04:31:28',1,'Joe',930),(104,86,'BLUE','2013-04-06 04:31:28',2,'David',930),(105,86,'RED','2013-04-06 04:31:28',3,'Ian',930),(106,86,'RED','2013-04-06 04:31:28',4,'Stanley',930),(107,86,'BLUE','2013-04-06 04:31:28',5,'Ted',930),(108,86,'BLUE','2013-04-06 04:31:28',6,'Mitchell',930),(109,86,'RED','2013-04-06 04:37:14',1,'Joe',931),(110,86,'BLUE','2013-04-06 04:37:14',2,'David',931),(111,86,'RED','2013-04-06 04:37:14',3,'Stanley',931),(112,86,'BLUE','2013-04-06 04:37:14',4,'Mitchell',931),(113,86,'RED','2013-04-06 04:37:14',5,'Ian',931),(114,86,'BLUE','2013-04-06 04:37:14',6,'Ted',931),(115,86,'BLUE','2013-04-06 04:44:11',1,'David',932),(116,86,'RED','2013-04-06 04:44:11',2,'Ian',932),(117,86,'BLUE','2013-04-06 04:44:11',3,'Mitchell',932),(118,86,'RED','2013-04-06 04:44:11',4,'Joe',932),(119,86,'BLUE','2013-04-06 04:44:11',5,'Ted',932),(120,86,'RED','2013-04-06 04:44:11',6,'Stanley',932),(121,86,'RED','2013-04-06 04:52:35',1,'Ian',933),(122,86,'RED','2013-04-06 04:52:35',2,'Stanley',933),(123,86,'BLUE','2013-04-06 04:52:35',3,'Ted',933),(124,86,'BLUE','2013-04-06 04:52:35',4,'Mitchell',933),(125,86,'RED','2013-04-06 04:52:35',5,'Joe',933),(126,86,'BLUE','2013-04-06 04:52:35',6,'David',933),(127,86,'RED','2013-04-06 04:57:55',1,'Ian',934),(128,86,'RED','2013-04-06 04:57:55',2,'Joe',934),(129,86,'BLUE','2013-04-06 04:57:55',3,'Ted',934),(130,86,'RED','2013-04-06 04:57:55',4,'Stanley',934),(131,86,'BLUE','2013-04-06 04:57:55',5,'Mitchell',934),(132,86,'BLUE','2013-04-06 04:57:55',6,'David',934),(133,86,'RED','2013-04-06 05:04:55',1,'Joe',935),(134,86,'BLUE','2013-04-06 05:04:55',2,'David',935),(135,86,'RED','2013-04-06 05:04:55',3,'Ian',935),(136,86,'RED','2013-04-06 05:04:55',4,'Stanley',935),(137,86,'BLUE','2013-04-06 05:04:55',5,'Ted',935),(138,86,'BLUE','2013-04-06 05:04:55',6,'Mitchell',935),(139,87,'RED','2013-04-06 05:11:04',1,'David',936),(140,87,'BLUE','2013-04-06 05:11:04',2,'Ted',936),(141,87,'BLUE','2013-04-06 05:11:04',3,'Joe',936),(142,87,'RED','2013-04-06 05:11:04',4,'Ian',936),(143,87,'BLUE','2013-04-06 05:11:04',5,'Stanley',936),(144,87,'RED','2013-04-06 05:11:04',6,'Mitchell',936),(145,87,'BLUE','2013-04-06 05:17:57',1,'Ted',937),(146,87,'BLUE','2013-04-06 05:17:57',2,'Joe',937),(147,87,'RED','2013-04-06 05:17:57',3,'David',937),(148,87,'BLUE','2013-04-06 05:17:57',4,'Stanley',937),(149,87,'RED','2013-04-06 05:17:57',5,'Mitchell',937),(150,87,'RED','2013-04-06 05:17:57',6,'Ian',937),(151,87,'BLUE','2013-04-06 05:24:06',1,'Joe',938),(152,87,'BLUE','2013-04-06 05:24:06',2,'Ted',938),(153,87,'RED','2013-04-06 05:24:06',3,'Mitchell',938),(154,87,'RED','2013-04-06 05:24:06',4,'Ian',938),(155,87,'RED','2013-04-06 05:24:06',5,'David',938),(156,87,'BLUE','2013-04-06 05:24:06',6,'Stanley',938),(157,87,'BLUE','2013-04-06 05:30:08',1,'Joe',939),(158,87,'BLUE','2013-04-06 05:30:08',2,'Ted',939),(159,87,'RED','2013-04-06 05:30:08',3,'Mitchell',939),(160,87,'RED','2013-04-06 05:30:08',4,'Ian',939),(161,87,'RED','2013-04-06 05:30:08',5,'David',939),(162,87,'BLUE','2013-04-06 05:30:08',6,'Stanley',939),(163,87,'BLUE','2013-04-06 05:37:17',1,'Ted',940),(164,87,'BLUE','2013-04-06 05:37:17',2,'Joe',940),(165,87,'RED','2013-04-06 05:37:17',3,'Ian',940),(166,87,'BLUE','2013-04-06 05:37:17',4,'Stanley',940),(167,87,'RED','2013-04-06 05:37:17',5,'Mitchell',940),(168,87,'RED','2013-04-06 05:37:17',6,'David',940),(169,87,'BLUE','2013-04-06 05:42:57',1,'Joe',941),(170,87,'BLUE','2013-04-06 05:42:57',2,'Ted',941),(171,87,'BLUE','2013-04-06 05:42:57',3,'Stanley',941),(172,87,'RED','2013-04-06 05:42:57',4,'Mitchell',941),(173,87,'RED','2013-04-06 05:42:57',5,'Ian',941),(174,87,'RED','2013-04-06 05:42:57',6,'David',941),(175,87,'RED','2013-04-06 05:50:42',1,'David',942),(176,87,'BLUE','2013-04-06 05:50:42',2,'Joe',942),(177,87,'BLUE','2013-04-06 05:50:42',3,'Ted',942),(178,87,'RED','2013-04-06 05:50:42',4,'Mitchell',942),(179,87,'BLUE','2013-04-06 05:50:42',5,'Stanley',942),(180,87,'RED','2013-04-06 05:50:42',6,'Ian',942),(181,87,'BLUE','2013-04-06 05:57:32',1,'Ted',943),(182,87,'RED','2013-04-06 05:57:32',2,'Ian',943),(183,87,'RED','2013-04-06 05:57:32',3,'Mitchell',943),(184,87,'BLUE','2013-04-06 05:57:32',4,'Stanley',943),(185,87,'RED','2013-04-06 05:57:32',5,'David',943),(186,87,'BLUE','2013-04-06 05:57:32',6,'Joe',943),(187,87,'BLUE','2013-04-06 06:03:29',1,'Ted',944),(188,87,'BLUE','2013-04-06 06:03:29',2,'Joe',944),(189,87,'BLUE','2013-04-06 06:03:29',3,'Stanley',944),(190,87,'RED','2013-04-06 06:03:29',4,'Mitchell',944),(191,87,'RED','2013-04-06 06:03:29',5,'Ian',944),(192,87,'RED','2013-04-06 06:03:29',6,'David',944),(193,88,'RED','2013-04-06 06:12:29',1,'Ted',945),(194,88,'RED','2013-04-06 06:12:29',2,'Ian',945),(195,88,'BLUE','2013-04-06 06:12:29',3,'Stanley',945),(196,88,'BLUE','2013-04-06 06:12:29',4,'Mitchell',945),(197,88,'BLUE','2013-04-06 06:12:29',5,'Joe',945),(198,88,'RED','2013-04-06 06:12:29',6,'David',945),(199,88,'RED','2013-04-06 06:17:07',1,'Ted',946),(200,88,'BLUE','2013-04-06 06:17:07',2,'Joe',946),(201,88,'RED','2013-04-06 06:17:07',3,'David',946),(202,88,'RED','2013-04-06 06:17:07',4,'Ian',946),(203,88,'BLUE','2013-04-06 06:17:07',5,'Mitchell',946),(204,88,'BLUE','2013-04-06 06:17:07',6,'Stanley',946),(205,88,'RED','2013-04-06 06:26:08',1,'Ted',947),(206,88,'BLUE','2013-04-06 06:26:08',2,'Joe',947),(207,88,'BLUE','2013-04-06 06:26:08',3,'Mitchell',947),(208,88,'BLUE','2013-04-06 06:26:08',4,'Stanley',947),(209,88,'RED','2013-04-06 06:26:08',5,'David',947),(210,88,'RED','2013-04-06 06:26:08',6,'Ian',947),(211,88,'RED','2013-04-06 06:32:51',1,'Ted',948),(212,88,'BLUE','2013-04-06 06:32:51',2,'Mitchell',948),(213,88,'RED','2013-04-06 06:32:51',3,'Ian',948),(214,88,'BLUE','2013-04-06 06:32:51',4,'Stanley',948),(215,88,'BLUE','2013-04-06 06:32:51',5,'Joe',948),(216,88,'RED','2013-04-06 06:32:51',6,'David',948),(217,88,'RED','2013-04-06 06:42:04',1,'Ted',949),(218,88,'BLUE','2013-04-06 06:42:04',2,'Joe',949),(219,88,'RED','2013-04-06 06:42:04',3,'Ian',949),(220,88,'BLUE','2013-04-06 06:42:04',4,'Mitchell',949),(221,88,'BLUE','2013-04-06 06:42:04',5,'Stanley',949),(222,88,'RED','2013-04-06 06:42:04',6,'David',949),(223,88,'BLUE','2013-04-06 06:48:03',1,'Mitchell',950),(224,88,'RED','2013-04-06 06:48:03',2,'Ian',950),(225,88,'RED','2013-04-06 06:48:03',3,'Ted',950),(226,88,'BLUE','2013-04-06 06:48:03',4,'Stanley',950),(227,88,'BLUE','2013-04-06 06:48:03',5,'Joe',950),(228,88,'RED','2013-04-06 06:48:03',6,'David',950),(229,88,'BLUE','2013-04-06 06:53:49',1,'Joe',951),(230,88,'RED','2013-04-06 06:53:49',2,'Ted',951),(231,88,'RED','2013-04-06 06:53:49',3,'David',951),(232,88,'RED','2013-04-06 06:53:49',4,'Ian',951),(233,88,'BLUE','2013-04-06 06:53:49',5,'Mitchell',951),(234,88,'BLUE','2013-04-06 06:53:49',6,'Stanley',951),(235,88,'BLUE','2013-04-06 06:59:43',1,'Joe',952),(236,88,'RED','2013-04-06 06:59:43',2,'Ted',952),(237,88,'RED','2013-04-06 06:59:43',3,'David',952),(238,88,'RED','2013-04-06 06:59:43',4,'Ian',952),(239,88,'BLUE','2013-04-06 06:59:43',5,'Mitchell',952),(240,88,'BLUE','2013-04-06 06:59:43',6,'Stanley',952),(241,88,'RED','2013-04-06 07:04:34',1,'David',953),(242,88,'RED','2013-04-06 07:04:34',2,'Ian',953),(243,88,'BLUE','2013-04-06 07:04:34',3,'Stanley',953),(244,88,'RED','2013-04-06 07:04:34',4,'Ted',953),(245,88,'BLUE','2013-04-06 07:04:34',5,'Joe',953),(246,88,'BLUE','2013-04-06 07:04:34',6,'Mitchell',953),(247,88,'BLUE','2013-04-06 07:12:12',1,'Joe',954),(248,88,'RED','2013-04-06 07:12:12',2,'Ted',954),(249,88,'RED','2013-04-06 07:12:12',3,'David',954),(250,88,'BLUE','2013-04-06 07:12:12',4,'Stanley',954),(251,88,'RED','2013-04-06 07:12:12',5,'Ian',954),(252,88,'BLUE','2013-04-06 07:12:12',6,'Mitchell',954),(253,88,'RED','2013-04-06 07:18:23',1,'David',955),(254,88,'RED','2013-04-06 07:18:23',2,'Ted',955),(255,88,'BLUE','2013-04-06 07:18:23',3,'Joe',955),(256,88,'RED','2013-04-06 07:18:23',4,'Ian',955),(257,88,'BLUE','2013-04-06 07:18:23',5,'Mitchell',955),(258,88,'BLUE','2013-04-06 07:18:23',6,'Stanley',955),(259,88,'RED','2013-04-06 07:22:30',1,'Ted',956),(260,88,'RED','2013-04-06 07:22:30',2,'David',956),(261,88,'BLUE','2013-04-06 07:22:30',3,'Mitchell',956),(262,88,'RED','2013-04-06 07:22:30',4,'Ian',956),(263,88,'BLUE','2013-04-06 07:22:30',5,'Joe',956),(264,88,'BLUE','2013-04-06 07:22:30',6,'Stanley',956),(265,88,'RED','2013-04-06 07:26:45',1,'Ted',957),(266,88,'BLUE','2013-04-06 07:26:45',2,'Joe',957),(267,88,'BLUE','2013-04-06 07:26:45',3,'Stanley',957),(268,88,'BLUE','2013-04-06 07:26:45',4,'Mitchell',957),(269,88,'RED','2013-04-06 07:26:45',5,'David',957),(270,88,'RED','2013-04-06 07:26:45',6,'Ian',957),(271,89,'RED','2013-04-08 01:36:06',1,'Mitchell',958),(272,89,'BLUE','2013-04-08 01:36:06',2,'Ted',958),(273,89,'RED','2013-04-08 01:36:06',3,'Ian',958),(274,89,'BLUE','2013-04-08 01:36:06',4,'Joe',958),(275,89,'BLUE','2013-04-08 01:36:06',5,'David',958),(276,89,'RED','2013-04-08 01:36:06',6,'Adrian',958),(277,89,'RED','2013-04-08 01:41:54',1,'Mitchell',959),(278,89,'RED','2013-04-08 01:41:54',2,'Adrian',959),(279,89,'BLUE','2013-04-08 01:41:54',3,'David',959),(280,89,'BLUE','2013-04-08 01:41:54',4,'Ted',959),(281,89,'RED','2013-04-08 01:41:54',5,'Ian',959),(282,89,'BLUE','2013-04-08 01:41:54',6,'Joe',959),(283,89,'BLUE','2013-04-08 01:48:42',1,'Ted',960),(284,89,'BLUE','2013-04-08 01:48:42',2,'David',960),(285,89,'RED','2013-04-08 01:48:42',3,'Ian',960),(286,89,'RED','2013-04-08 01:48:42',4,'Mitchell',960),(287,89,'RED','2013-04-08 01:48:42',5,'Adrian',960),(288,89,'BLUE','2013-04-08 01:48:42',6,'Joe',960),(289,89,'RED','2013-04-08 01:56:04',1,'Mitchell',961),(290,89,'RED','2013-04-08 01:56:04',2,'Ian',961),(291,89,'BLUE','2013-04-08 01:56:04',3,'Ted',961),(292,89,'BLUE','2013-04-08 01:56:04',4,'Joe',961),(293,89,'RED','2013-04-08 01:56:04',5,'Adrian',961),(294,89,'BLUE','2013-04-08 01:56:04',6,'David',961),(295,89,'RED','2013-04-08 02:01:06',1,'Mitchell',962),(296,89,'RED','2013-04-08 02:01:06',2,'Ian',962),(297,89,'BLUE','2013-04-08 02:01:06',3,'David',962),(298,89,'RED','2013-04-08 02:01:06',4,'Adrian',962),(299,89,'BLUE','2013-04-08 02:01:06',5,'Joe',962),(300,89,'BLUE','2013-04-08 02:01:06',6,'Ted',962),(301,89,'BLUE','2013-04-08 02:07:07',1,'Ted',963),(302,89,'RED','2013-04-08 02:07:07',2,'Mitchell',963),(303,89,'RED','2013-04-08 02:07:07',3,'Ian',963),(304,89,'RED','2013-04-08 02:07:07',4,'Adrian',963),(305,89,'BLUE','2013-04-08 02:07:07',5,'Joe',963),(306,89,'BLUE','2013-04-08 02:07:07',6,'David',963),(307,89,'RED','2013-04-08 02:13:01',1,'Mitchell',964),(308,89,'BLUE','2013-04-08 02:13:01',2,'Joe',964),(309,89,'BLUE','2013-04-08 02:13:01',3,'David',964),(310,89,'BLUE','2013-04-08 02:13:01',4,'Ted',964),(311,89,'RED','2013-04-08 02:13:01',5,'Adrian',964),(312,89,'RED','2013-04-08 02:13:01',6,'Ian',964),(313,89,'RED','2013-04-08 02:20:20',1,'Adrian',965),(314,89,'BLUE','2013-04-08 02:20:20',2,'Joe',965),(315,89,'BLUE','2013-04-08 02:20:20',3,'Ted',965),(316,89,'RED','2013-04-08 02:20:20',4,'Ian',965),(317,89,'RED','2013-04-08 02:20:20',5,'Mitchell',965),(318,89,'BLUE','2013-04-08 02:20:20',6,'David',965),(319,89,'BLUE','2013-04-08 02:27:18',1,'David',966),(320,89,'RED','2013-04-08 02:27:18',2,'Mitchell',966),(321,89,'BLUE','2013-04-08 02:27:18',3,'Joe',966),(322,89,'BLUE','2013-04-08 02:27:18',4,'Ted',966),(323,89,'RED','2013-04-08 02:27:18',5,'Adrian',966),(324,89,'RED','2013-04-08 02:27:18',6,'Ian',966),(325,89,'RED','2013-04-08 02:33:30',1,'Mitchell',967),(326,89,'BLUE','2013-04-08 02:33:30',2,'David',967),(327,89,'BLUE','2013-04-08 02:33:30',3,'Joe',967),(328,89,'RED','2013-04-08 02:33:30',4,'Adrian',967),(329,89,'RED','2013-04-08 02:33:30',5,'Ian',967),(330,89,'BLUE','2013-04-08 02:33:30',6,'Ted',967),(331,89,'BLUE','2013-04-08 02:42:31',1,'Joe',968),(332,89,'BLUE','2013-04-08 02:42:31',2,'David',968),(333,89,'RED','2013-04-08 02:42:31',3,'Ian',968),(334,89,'RED','2013-04-08 02:42:31',4,'Adrian',968),(335,89,'RED','2013-04-08 02:42:31',5,'Mitchell',968),(336,89,'BLUE','2013-04-08 02:42:31',6,'Ted',968),(337,89,'BLUE','2013-04-08 02:49:48',1,'David',969),(338,89,'BLUE','2013-04-08 02:49:48',2,'Joe',969),(339,89,'RED','2013-04-08 02:49:48',3,'Ian',969),(340,89,'RED','2013-04-08 02:49:48',4,'Mitchell',969),(341,89,'RED','2013-04-08 02:49:48',5,'Adrian',969),(342,89,'BLUE','2013-04-08 02:49:48',6,'Ted',969),(343,89,'BLUE','2013-04-08 02:57:17',1,'Joe',970),(344,89,'RED','2013-04-08 02:57:17',2,'Mitchell',970),(345,89,'BLUE','2013-04-08 02:57:17',3,'David',970),(346,89,'RED','2013-04-08 02:57:17',4,'Adrian',970),(347,89,'RED','2013-04-08 02:57:17',5,'Ian',970),(348,89,'BLUE','2013-04-08 02:57:17',6,'Ted',970),(349,89,'BLUE','2013-04-08 03:03:17',1,'David',971),(350,89,'RED','2013-04-08 03:03:17',2,'Mitchell',971),(351,89,'RED','2013-04-08 03:03:17',3,'Ian',971),(352,89,'BLUE','2013-04-08 03:03:17',4,'Ted',971),(353,89,'BLUE','2013-04-08 03:03:17',5,'Joe',971),(354,89,'RED','2013-04-08 03:03:17',6,'Adrian',971),(355,89,'BLUE','2013-04-08 03:09:33',1,'Joe',972),(356,89,'RED','2013-04-08 03:09:33',2,'Ian',972),(357,89,'BLUE','2013-04-08 03:09:33',3,'David',972),(358,89,'BLUE','2013-04-08 03:09:33',4,'Ted',972),(359,89,'RED','2013-04-08 03:09:33',5,'Adrian',972),(360,89,'RED','2013-04-08 03:09:33',6,'Mitchell',972),(361,90,'RED','2013-04-08 03:18:13',1,'Ted',973),(362,90,'BLUE','2013-04-08 03:18:13',2,'Mitchell',973),(363,90,'BLUE','2013-04-08 03:18:13',3,'David',973),(364,90,'RED','2013-04-08 03:18:13',4,'Joe',973),(365,90,'BLUE','2013-04-08 03:18:13',5,'Adrian',973),(366,90,'RED','2013-04-08 03:18:13',6,'Ian',973),(367,90,'BLUE','2013-04-08 03:24:12',1,'Mitchell',974),(368,90,'RED','2013-04-08 03:24:12',2,'Ian',974),(369,90,'RED','2013-04-08 03:24:12',3,'Ted',974),(370,90,'RED','2013-04-08 03:24:12',4,'Joe',974),(371,90,'BLUE','2013-04-08 03:24:12',5,'Adrian',974),(372,90,'BLUE','2013-04-08 03:24:12',6,'David',974),(373,90,'BLUE','2013-04-08 03:31:18',1,'Mitchell',975),(374,90,'RED','2013-04-08 03:31:18',2,'Ian',975),(375,90,'BLUE','2013-04-08 03:31:18',3,'David',975),(376,90,'BLUE','2013-04-08 03:31:18',4,'Adrian',975),(377,90,'RED','2013-04-08 03:31:18',5,'Ted',975),(378,90,'RED','2013-04-08 03:31:18',6,'Joe',975),(379,90,'BLUE','2013-04-08 03:38:05',1,'Mitchell',976),(380,90,'RED','2013-04-08 03:38:05',2,'Ted',976),(381,90,'BLUE','2013-04-08 03:38:05',3,'David',976),(382,90,'RED','2013-04-08 03:38:05',4,'Joe',976),(383,90,'RED','2013-04-08 03:38:05',5,'Ian',976),(384,90,'BLUE','2013-04-08 03:38:05',6,'Adrian',976),(385,90,'BLUE','2013-04-08 03:42:49',1,'David',977),(386,90,'BLUE','2013-04-08 03:42:49',2,'Mitchell',977),(387,90,'RED','2013-04-08 03:42:49',3,'Joe',977),(388,90,'RED','2013-04-08 03:42:49',4,'Ted',977),(389,90,'RED','2013-04-08 03:42:49',5,'Ian',977),(390,90,'BLUE','2013-04-08 03:42:49',6,'Adrian',977),(391,90,'BLUE','2013-04-08 03:49:20',1,'David',978),(392,90,'RED','2013-04-08 03:49:20',2,'Joe',978),(393,90,'BLUE','2013-04-08 03:49:20',3,'Mitchell',978),(394,90,'BLUE','2013-04-08 03:49:20',4,'Adrian',978),(395,90,'RED','2013-04-08 03:49:20',5,'Ted',978),(396,90,'RED','2013-04-08 03:49:20',6,'Ian',978),(397,90,'BLUE','2013-04-08 03:58:22',1,'David',979),(398,90,'RED','2013-04-08 03:58:22',2,'Ian',979),(399,90,'BLUE','2013-04-08 03:58:22',3,'Mitchell',979),(400,90,'BLUE','2013-04-08 03:58:22',4,'Adrian',979),(401,90,'RED','2013-04-08 03:58:22',5,'Joe',979),(402,90,'RED','2013-04-08 03:58:22',6,'Ted',979),(403,90,'BLUE','2013-04-08 04:04:03',1,'David',980),(404,90,'BLUE','2013-04-08 04:04:03',2,'Adrian',980),(405,90,'RED','2013-04-08 04:04:03',3,'Joe',980),(406,90,'RED','2013-04-08 04:04:03',4,'Ian',980),(407,90,'RED','2013-04-08 04:04:03',5,'Ted',980),(408,90,'BLUE','2013-04-08 04:04:03',6,'Mitchell',980),(409,90,'BLUE','2013-04-08 04:11:48',1,'Adrian',981),(410,90,'RED','2013-04-08 04:11:48',2,'Ted',981),(411,90,'BLUE','2013-04-08 04:11:48',3,'Mitchell',981),(412,90,'RED','2013-04-08 04:11:48',4,'Joe',981),(413,90,'BLUE','2013-04-08 04:11:48',5,'David',981),(414,90,'RED','2013-04-08 04:11:48',6,'Ian',981),(415,90,'BLUE','2013-04-08 04:17:41',1,'Adrian',982),(416,90,'RED','2013-04-08 04:17:41',2,'Ian',982),(417,90,'RED','2013-04-08 04:17:41',3,'Ted',982),(418,90,'BLUE','2013-04-08 04:17:41',4,'David',982),(419,90,'RED','2013-04-08 04:17:41',5,'Joe',982),(420,90,'BLUE','2013-04-08 04:17:41',6,'Mitchell',982),(421,90,'BLUE','2013-04-08 04:24:00',1,'Mitchell',983),(422,90,'BLUE','2013-04-08 04:24:00',2,'Adrian',983),(423,90,'RED','2013-04-08 04:24:00',3,'Joe',983),(424,90,'BLUE','2013-04-08 04:24:00',4,'David',983),(425,90,'RED','2013-04-08 04:24:00',5,'Ted',983),(426,90,'RED','2013-04-08 04:24:00',6,'Ian',983),(427,90,'BLUE','2013-04-08 04:28:33',1,'Mitchell',984),(428,90,'RED','2013-04-08 04:28:33',2,'Joe',984),(429,90,'RED','2013-04-08 04:28:33',3,'Ted',984),(430,90,'RED','2013-04-08 04:28:33',4,'Ian',984),(431,90,'BLUE','2013-04-08 04:28:33',5,'Adrian',984),(432,90,'BLUE','2013-04-08 04:28:33',6,'David',984),(433,91,'BLUE','2013-04-08 04:34:53',1,'Ted',985),(434,91,'RED','2013-04-08 04:34:53',2,'David',985),(435,91,'BLUE','2013-04-08 04:34:53',3,'Joe',985),(436,91,'BLUE','2013-04-08 04:34:53',4,'Adrian',985),(437,91,'RED','2013-04-08 04:34:53',5,'Ian',985),(438,91,'RED','2013-04-08 04:34:53',6,'Mitchell',985),(439,91,'BLUE','2013-04-08 04:43:58',1,'Ted',986),(440,91,'RED','2013-04-08 04:43:58',2,'David',986),(441,91,'BLUE','2013-04-08 04:43:58',3,'Joe',986),(442,91,'RED','2013-04-08 04:43:58',4,'Mitchell',986),(443,91,'RED','2013-04-08 04:43:58',5,'Ian',986),(444,91,'BLUE','2013-04-08 04:43:58',6,'Adrian',986),(445,91,'BLUE','2013-04-08 04:51:26',1,'Joe',987),(446,91,'RED','2013-04-08 04:51:26',2,'David',987),(447,91,'BLUE','2013-04-08 04:51:26',3,'Ted',987),(448,91,'RED','2013-04-08 04:51:26',4,'Mitchell',987),(449,91,'RED','2013-04-08 04:51:26',5,'Ian',987),(450,91,'BLUE','2013-04-08 04:51:26',6,'Adrian',987),(451,91,'RED','2013-04-08 04:59:07',1,'Mitchell',988),(452,91,'RED','2013-04-08 04:59:07',2,'Ian',988),(453,91,'BLUE','2013-04-08 04:59:07',3,'Joe',988),(454,91,'BLUE','2013-04-08 04:59:07',4,'Adrian',988),(455,91,'RED','2013-04-08 04:59:07',5,'David',988),(456,91,'BLUE','2013-04-08 04:59:07',6,'Ted',988),(457,91,'RED','2013-04-08 05:05:35',1,'Mitchell',989),(458,91,'RED','2013-04-08 05:05:35',2,'Ian',989),(459,91,'BLUE','2013-04-08 05:05:35',3,'Joe',989),(460,91,'BLUE','2013-04-08 05:05:35',4,'Ted',989),(461,91,'RED','2013-04-08 05:05:35',5,'David',989),(462,91,'BLUE','2013-04-08 05:05:35',6,'Adrian',989),(463,91,'RED','2013-04-08 05:13:01',1,'Mitchell',990),(464,91,'BLUE','2013-04-08 05:13:01',2,'Joe',990),(465,91,'BLUE','2013-04-08 05:13:01',3,'Ted',990),(466,91,'RED','2013-04-08 05:13:01',4,'David',990),(467,91,'BLUE','2013-04-08 05:13:01',5,'Adrian',990),(468,91,'RED','2013-04-08 05:13:01',6,'Ian',990),(469,91,'BLUE','2013-04-08 05:16:40',1,'Adrian',991),(470,91,'BLUE','2013-04-08 05:16:40',2,'Ted',991),(471,91,'BLUE','2013-04-08 05:16:40',3,'Joe',991),(472,91,'RED','2013-04-08 05:16:40',4,'Ian',991),(473,91,'RED','2013-04-08 05:16:40',5,'David',991),(474,91,'RED','2013-04-08 05:16:40',6,'Mitchell',991),(475,91,'BLUE','2013-04-08 05:21:57',1,'Joe',992),(476,91,'BLUE','2013-04-08 05:21:57',2,'Ted',992),(477,91,'BLUE','2013-04-08 05:21:57',3,'Adrian',992),(478,91,'RED','2013-04-08 05:21:57',4,'Ian',992),(479,91,'RED','2013-04-08 05:21:57',5,'David',992),(480,91,'RED','2013-04-08 05:21:57',6,'Mitchell',992),(481,91,'BLUE','2013-04-08 05:27:11',1,'Adrian',993),(482,91,'BLUE','2013-04-08 05:27:11',2,'Ted',993),(483,91,'BLUE','2013-04-08 05:27:11',3,'Joe',993),(484,91,'RED','2013-04-08 05:27:11',4,'Ian',993),(485,91,'RED','2013-04-08 05:27:11',5,'David',993),(486,91,'RED','2013-04-08 05:27:11',6,'Mitchell',993),(487,91,'BLUE','2013-04-08 05:30:25',1,'Joe',994),(488,91,'BLUE','2013-04-08 05:30:25',2,'Adrian',994),(489,91,'RED','2013-04-08 05:30:25',3,'Ian',994),(490,91,'RED','2013-04-08 05:30:25',4,'David',994),(491,91,'RED','2013-04-08 05:30:25',5,'Mitchell',994),(492,91,'BLUE','2013-04-08 05:30:25',6,'Ted',994),(493,92,'RED','2013-04-08 05:35:58',1,'Joe',995),(494,92,'BLUE','2013-04-08 05:35:58',2,'Adrian',995),(495,92,'BLUE','2013-04-08 05:35:58',3,'Mitchell',995),(496,92,'RED','2013-04-08 05:35:58',4,'David',995),(497,92,'RED','2013-04-08 05:35:58',5,'Ian',995),(498,92,'BLUE','2013-04-08 05:35:58',6,'Ted',995),(499,92,'RED','2013-04-08 05:45:00',1,'David',996),(500,92,'BLUE','2013-04-08 05:45:00',2,'Mitchell',996),(501,92,'BLUE','2013-04-08 05:45:00',3,'Adrian',996),(502,92,'RED','2013-04-08 05:45:00',4,'Ian',996),(503,92,'BLUE','2013-04-08 05:45:00',5,'Ted',996),(504,92,'RED','2013-04-08 05:45:00',6,'Joe',996),(505,92,'BLUE','2013-04-08 05:52:04',1,'Ted',997),(506,92,'RED','2013-04-08 05:52:04',2,'David',997),(507,92,'BLUE','2013-04-08 05:52:04',3,'Mitchell',997),(508,92,'RED','2013-04-08 05:52:04',4,'Ian',997),(509,92,'RED','2013-04-08 05:52:04',5,'Joe',997),(510,92,'BLUE','2013-04-08 05:52:04',6,'Adrian',997),(511,92,'BLUE','2013-04-08 05:59:50',1,'Adrian',998),(512,92,'RED','2013-04-08 05:59:50',2,'Ian',998),(513,92,'RED','2013-04-08 05:59:50',3,'Joe',998),(514,92,'RED','2013-04-08 05:59:50',4,'David',998),(515,92,'BLUE','2013-04-08 05:59:50',5,'Ted',998),(516,92,'BLUE','2013-04-08 05:59:50',6,'Mitchell',998),(517,92,'RED','2013-04-08 06:06:27',1,'Ian',999),(518,92,'BLUE','2013-04-08 06:06:27',2,'Mitchell',999),(519,92,'BLUE','2013-04-08 06:06:27',3,'Ted',999),(520,92,'BLUE','2013-04-08 06:06:27',4,'Adrian',999),(521,92,'RED','2013-04-08 06:06:27',5,'David',999),(522,92,'RED','2013-04-08 06:06:27',6,'Joe',999),(523,92,'RED','2013-04-08 06:15:34',1,'David',1000),(524,92,'BLUE','2013-04-08 06:15:34',2,'Mitchell',1000),(525,92,'RED','2013-04-08 06:15:34',3,'Joe',1000),(526,92,'RED','2013-04-08 06:15:34',4,'Ian',1000),(527,92,'BLUE','2013-04-08 06:15:34',5,'Ted',1000),(528,92,'BLUE','2013-04-08 06:15:34',6,'Adrian',1000),(529,92,'RED','2013-04-08 06:23:58',1,'Ian',1001),(530,92,'RED','2013-04-08 06:23:58',2,'David',1001),(531,92,'BLUE','2013-04-08 06:23:58',3,'Mitchell',1001),(532,92,'RED','2013-04-08 06:23:58',4,'Joe',1001),(533,92,'BLUE','2013-04-08 06:23:58',5,'Ted',1001),(534,92,'BLUE','2013-04-08 06:23:58',6,'Adrian',1001),(535,92,'RED','2013-04-08 06:29:10',1,'Ian',1002),(536,92,'RED','2013-04-08 06:29:10',2,'David',1002),(537,92,'RED','2013-04-08 06:29:10',3,'Joe',1002),(538,92,'BLUE','2013-04-08 06:29:10',4,'Ted',1002),(539,92,'BLUE','2013-04-08 06:29:10',5,'Adrian',1002),(540,92,'BLUE','2013-04-08 06:29:10',6,'Mitchell',1002),(541,92,'RED','2013-04-08 06:35:34',1,'Ian',1003),(542,92,'RED','2013-04-08 06:35:34',2,'Joe',1003),(543,92,'RED','2013-04-08 06:35:34',3,'David',1003),(544,92,'BLUE','2013-04-08 06:35:34',4,'Ted',1003),(545,92,'BLUE','2013-04-08 06:35:34',5,'Adrian',1003),(546,92,'BLUE','2013-04-08 06:35:34',6,'Mitchell',1003),(547,92,'BLUE','2013-04-08 06:38:31',1,'Adrian',1004),(548,92,'RED','2013-04-08 06:38:31',2,'David',1004),(549,92,'RED','2013-04-08 06:38:31',3,'Ian',1004),(550,92,'BLUE','2013-04-08 06:38:31',4,'Ted',1004),(551,92,'BLUE','2013-04-08 06:38:31',5,'Mitchell',1004),(552,92,'RED','2013-04-08 06:38:31',6,'Joe',1004),(553,93,'RED','2013-04-13 03:36:21',1,'Andrew',1005),(554,93,'BLUE','2013-04-13 03:36:21',2,'Joe',1005),(555,93,'RED','2013-04-13 03:36:21',3,'Ted',1005),(556,93,'RED','2013-04-13 03:36:21',4,'Ian',1005),(557,93,'BLUE','2013-04-13 03:36:21',5,'Mitchell',1005),(558,93,'BLUE','2013-04-13 03:36:21',6,'David',1005),(559,93,'RED','2013-04-13 03:44:35',1,'Andrew',1006),(560,93,'BLUE','2013-04-13 03:44:35',2,'Joe',1006),(561,93,'BLUE','2013-04-13 03:44:35',3,'David',1006),(562,93,'RED','2013-04-13 03:44:35',4,'Ted',1006),(563,93,'RED','2013-04-13 03:44:35',5,'Ian',1006),(564,93,'BLUE','2013-04-13 03:44:35',6,'Mitchell',1006),(565,93,'RED','2013-04-13 03:50:57',1,'Ian',1007),(566,93,'RED','2013-04-13 03:50:57',2,'Andrew',1007),(567,93,'BLUE','2013-04-13 03:50:57',3,'Mitchell',1007),(568,93,'RED','2013-04-13 03:50:57',4,'Ted',1007),(569,93,'BLUE','2013-04-13 03:50:57',5,'David',1007),(570,93,'BLUE','2013-04-13 03:50:57',6,'Joe',1007),(571,93,'RED','2013-04-13 03:58:39',1,'Ted',1008),(572,93,'RED','2013-04-13 03:58:39',2,'Ian',1008),(573,93,'BLUE','2013-04-13 03:58:39',3,'Mitchell',1008),(574,93,'RED','2013-04-13 03:58:39',4,'Andrew',1008),(575,93,'BLUE','2013-04-13 03:58:39',5,'Joe',1008),(576,93,'BLUE','2013-04-13 03:58:39',6,'David',1008),(577,93,'RED','2013-04-13 04:07:51',1,'Ted',1009),(578,93,'RED','2013-04-13 04:07:51',2,'Andrew',1009),(579,93,'BLUE','2013-04-13 04:07:51',3,'Mitchell',1009),(580,93,'BLUE','2013-04-13 04:07:51',4,'David',1009),(581,93,'BLUE','2013-04-13 04:07:51',5,'Joe',1009),(582,93,'RED','2013-04-13 04:07:51',6,'Ian',1009),(583,93,'BLUE','2013-04-13 04:13:43',1,'David',1010),(584,93,'RED','2013-04-13 04:13:43',2,'Ted',1010),(585,93,'RED','2013-04-13 04:13:43',3,'Andrew',1010),(586,93,'RED','2013-04-13 04:13:43',4,'Ian',1010),(587,93,'BLUE','2013-04-13 04:13:43',5,'Mitchell',1010),(588,93,'BLUE','2013-04-13 04:13:43',6,'Joe',1010),(589,93,'BLUE','2013-04-13 04:24:54',1,'David',1011),(590,93,'RED','2013-04-13 04:24:54',2,'Ted',1011),(591,93,'RED','2013-04-13 04:24:54',3,'Ian',1011),(592,93,'BLUE','2013-04-13 04:24:54',4,'Mitchell',1011),(593,93,'BLUE','2013-04-13 04:24:54',5,'Joe',1011),(594,93,'RED','2013-04-13 04:24:54',6,'Andrew',1011),(595,93,'RED','2013-04-13 04:30:32',1,'Ted',1012),(596,93,'BLUE','2013-04-13 04:30:32',2,'Mitchell',1012),(597,93,'BLUE','2013-04-13 04:30:32',3,'David',1012),(598,93,'RED','2013-04-13 04:30:32',4,'Andrew',1012),(599,93,'BLUE','2013-04-13 04:30:32',5,'Joe',1012),(600,93,'RED','2013-04-13 04:30:32',6,'Ian',1012),(601,93,'RED','2013-04-13 04:36:30',1,'Ted',1013),(602,93,'BLUE','2013-04-13 04:36:30',2,'David',1013),(603,93,'BLUE','2013-04-13 04:36:30',3,'Mitchell',1013),(604,93,'BLUE','2013-04-13 04:36:30',4,'Joe',1013),(605,93,'RED','2013-04-13 04:36:30',5,'Andrew',1013),(606,93,'RED','2013-04-13 04:36:30',6,'Ian',1013),(607,93,'BLUE','2013-04-13 04:44:16',1,'Joe',1014),(608,93,'BLUE','2013-04-13 04:44:16',2,'David',1014),(609,93,'RED','2013-04-13 04:44:16',3,'Andrew',1014),(610,93,'RED','2013-04-13 04:44:16',4,'Ian',1014),(611,93,'RED','2013-04-13 04:44:16',5,'Ted',1014),(612,93,'BLUE','2013-04-13 04:44:16',6,'Mitchell',1014),(613,93,'BLUE','2013-04-13 04:54:08',1,'Joe',1015),(614,93,'BLUE','2013-04-13 04:54:08',2,'David',1015),(615,93,'RED','2013-04-13 04:54:08',3,'Ian',1015),(616,93,'RED','2013-04-13 04:54:08',4,'Andrew',1015),(617,93,'RED','2013-04-13 04:54:08',5,'Ted',1015),(618,93,'BLUE','2013-04-13 04:54:08',6,'Mitchell',1015),(619,93,'RED','2013-04-13 05:02:45',1,'Ted',1016),(620,93,'BLUE','2013-04-13 05:02:45',2,'Joe',1016),(621,93,'RED','2013-04-13 05:02:45',3,'Ian',1016),(622,93,'BLUE','2013-04-13 05:02:45',4,'David',1016),(623,93,'BLUE','2013-04-13 05:02:45',5,'Mitchell',1016),(624,93,'RED','2013-04-13 05:02:45',6,'Andrew',1016),(625,93,'RED','2013-04-13 05:09:38',1,'Ian',1017),(626,93,'RED','2013-04-13 05:09:38',2,'Ted',1017),(627,93,'BLUE','2013-04-13 05:09:38',3,'Joe',1017),(628,93,'RED','2013-04-13 05:09:38',4,'Andrew',1017),(629,93,'BLUE','2013-04-13 05:09:38',5,'David',1017),(630,93,'BLUE','2013-04-13 05:09:38',6,'Mitchell',1017),(631,93,'BLUE','2013-04-13 05:15:36',1,'Mitchell',1018),(632,93,'BLUE','2013-04-13 05:15:36',2,'Joe',1018),(633,93,'RED','2013-04-13 05:15:36',3,'Andrew',1018),(634,93,'RED','2013-04-13 05:15:36',4,'Ted',1018),(635,93,'RED','2013-04-13 05:15:36',5,'Ian',1018),(636,93,'BLUE','2013-04-13 05:15:36',6,'David',1018),(637,94,'BLUE','2013-04-13 05:30:08',1,'David',1019),(638,94,'RED','2013-04-13 05:30:08',2,'Ted',1019),(639,94,'RED','2013-04-13 05:30:08',3,'Mitchell',1019),(640,94,'RED','2013-04-13 05:30:08',4,'Joe',1019),(641,94,'BLUE','2013-04-13 05:30:08',5,'Andrew',1019),(642,94,'BLUE','2013-04-13 05:30:08',6,'Ian',1019),(643,94,'RED','2013-04-13 05:36:15',1,'Ted',1020),(644,94,'BLUE','2013-04-13 05:36:15',2,'Andrew',1020),(645,94,'BLUE','2013-04-13 05:36:15',3,'Ian',1020),(646,94,'RED','2013-04-13 05:36:15',4,'Joe',1020),(647,94,'RED','2013-04-13 05:36:15',5,'Mitchell',1020),(648,94,'BLUE','2013-04-13 05:36:15',6,'David',1020),(649,94,'RED','2013-04-13 05:47:08',1,'Joe',1021),(650,94,'BLUE','2013-04-13 05:47:08',2,'Andrew',1021),(651,94,'BLUE','2013-04-13 05:47:08',3,'Ian',1021),(652,94,'RED','2013-04-13 05:47:08',4,'Mitchell',1021),(653,94,'RED','2013-04-13 05:47:08',5,'Ted',1021),(654,94,'BLUE','2013-04-13 05:47:08',6,'David',1021),(655,94,'BLUE','2013-04-13 05:53:06',1,'Ian',1022),(656,94,'RED','2013-04-13 05:53:06',2,'Joe',1022),(657,94,'BLUE','2013-04-13 05:53:06',3,'Andrew',1022),(658,94,'RED','2013-04-13 05:53:06',4,'Ted',1022),(659,94,'RED','2013-04-13 05:53:06',5,'Mitchell',1022),(660,94,'BLUE','2013-04-13 05:53:06',6,'David',1022),(661,94,'BLUE','2013-04-13 06:01:46',1,'Ian',1023),(662,94,'RED','2013-04-13 06:01:46',2,'Mitchell',1023),(663,94,'BLUE','2013-04-13 06:01:46',3,'David',1023),(664,94,'BLUE','2013-04-13 06:01:46',4,'Andrew',1023),(665,94,'RED','2013-04-13 06:01:46',5,'Ted',1023),(666,94,'RED','2013-04-13 06:01:46',6,'Joe',1023),(667,94,'RED','2013-04-13 06:09:20',1,'Joe',1024),(668,94,'BLUE','2013-04-13 06:09:20',2,'Ian',1024),(669,94,'RED','2013-04-13 06:09:20',3,'Ted',1024),(670,94,'RED','2013-04-13 06:09:20',4,'Mitchell',1024),(671,94,'BLUE','2013-04-13 06:09:20',5,'Andrew',1024),(672,94,'BLUE','2013-04-13 06:09:20',6,'David',1024),(673,94,'RED','2013-04-13 06:17:34',1,'Joe',1025),(674,94,'RED','2013-04-13 06:17:34',2,'Ted',1025),(675,94,'BLUE','2013-04-13 06:17:34',3,'Ian',1025),(676,94,'BLUE','2013-04-13 06:17:34',4,'David',1025),(677,94,'RED','2013-04-13 06:17:34',5,'Mitchell',1025),(678,94,'BLUE','2013-04-13 06:17:34',6,'Andrew',1025),(679,94,'BLUE','2013-04-13 06:26:47',1,'David',1026),(680,94,'RED','2013-04-13 06:26:47',2,'Ted',1026),(681,94,'RED','2013-04-13 06:26:47',3,'Mitchell',1026),(682,94,'RED','2013-04-13 06:26:47',4,'Joe',1026),(683,94,'BLUE','2013-04-13 06:26:47',5,'Ian',1026),(684,94,'BLUE','2013-04-13 06:26:47',6,'Andrew',1026),(685,94,'RED','2013-04-13 06:36:46',1,'Ted',1027),(686,94,'BLUE','2013-04-13 06:36:46',2,'Ian',1027),(687,94,'RED','2013-04-13 06:36:46',3,'Mitchell',1027),(688,94,'BLUE','2013-04-13 06:36:46',4,'Andrew',1027),(689,94,'BLUE','2013-04-13 06:36:46',5,'David',1027),(690,94,'RED','2013-04-13 06:36:46',6,'Joe',1027),(691,94,'BLUE','2013-04-13 06:44:47',1,'Ian',1028),(692,94,'RED','2013-04-13 06:44:47',2,'Ted',1028),(693,94,'RED','2013-04-13 06:44:47',3,'Mitchell',1028),(694,94,'BLUE','2013-04-13 06:44:47',4,'David',1028),(695,94,'RED','2013-04-13 06:44:47',5,'Joe',1028),(696,94,'BLUE','2013-04-13 06:44:47',6,'Andrew',1028),(697,94,'BLUE','2013-04-13 06:49:49',1,'Ian',1029),(698,94,'RED','2013-04-13 06:49:49',2,'Ted',1029),(699,94,'BLUE','2013-04-13 06:49:49',3,'David',1029),(700,94,'RED','2013-04-13 06:49:49',4,'Mitchell',1029),(701,94,'RED','2013-04-13 06:49:49',5,'Joe',1029),(702,94,'BLUE','2013-04-13 06:49:49',6,'Andrew',1029),(703,94,'RED','2013-04-13 06:58:22',1,'Joe',1030),(704,94,'RED','2013-04-13 06:58:22',2,'Ted',1030),(705,94,'BLUE','2013-04-13 06:58:22',3,'Ian',1030),(706,94,'BLUE','2013-04-13 06:58:22',4,'Andrew',1030),(707,94,'RED','2013-04-13 06:58:22',5,'Mitchell',1030),(708,94,'BLUE','2013-04-13 06:58:22',6,'David',1030),(709,95,'BLUE','2013-04-20 02:13:02',1,'Joe',1031),(710,95,'RED','2013-04-20 02:13:02',2,'Edmond',1031),(711,95,'BLUE','2013-04-20 02:13:02',3,'Joseph',1031),(712,95,'BLUE','2013-04-20 02:13:02',4,'Stanley',1031),(713,95,'RED','2013-04-20 02:13:02',5,'Mitchell',1031),(714,95,'RED','2013-04-20 02:13:02',6,'Ted',1031),(715,95,'BLUE','2013-04-20 02:20:58',1,'Joe',1032),(716,95,'BLUE','2013-04-20 02:20:58',2,'Stanley',1032),(717,95,'RED','2013-04-20 02:20:58',3,'Edmond',1032),(718,95,'BLUE','2013-04-20 02:20:58',4,'Joseph',1032),(719,95,'RED','2013-04-20 02:20:58',5,'Mitchell',1032),(720,95,'RED','2013-04-20 02:20:58',6,'Ted',1032),(721,95,'BLUE','2013-04-20 02:26:04',1,'Joseph',1033),(722,95,'BLUE','2013-04-20 02:26:04',2,'Joe',1033),(723,95,'RED','2013-04-20 02:26:04',3,'Ted',1033),(724,95,'BLUE','2013-04-20 02:26:04',4,'Stanley',1033),(725,95,'RED','2013-04-20 02:26:04',5,'Edmond',1033),(726,95,'RED','2013-04-20 02:26:04',6,'Mitchell',1033),(727,95,'BLUE','2013-04-20 02:33:47',1,'Joe',1034),(728,95,'BLUE','2013-04-20 02:33:47',2,'Stanley',1034),(729,95,'RED','2013-04-20 02:33:47',3,'Ted',1034),(730,95,'BLUE','2013-04-20 02:33:47',4,'Joseph',1034),(731,95,'RED','2013-04-20 02:33:47',5,'Edmond',1034),(732,95,'RED','2013-04-20 02:33:47',6,'Mitchell',1034),(733,95,'BLUE','2013-04-20 02:39:29',1,'Stanley',1035),(734,95,'BLUE','2013-04-20 02:39:29',2,'Joe',1035),(735,95,'RED','2013-04-20 02:39:29',3,'Ted',1035),(736,95,'BLUE','2013-04-20 02:39:29',4,'Joseph',1035),(737,95,'RED','2013-04-20 02:39:29',5,'Edmond',1035),(738,95,'RED','2013-04-20 02:39:29',6,'Mitchell',1035),(739,95,'BLUE','2013-04-20 02:44:54',1,'Stanley',1036),(740,95,'BLUE','2013-04-20 02:44:54',2,'Joe',1036),(741,95,'RED','2013-04-20 02:44:54',3,'Mitchell',1036),(742,95,'BLUE','2013-04-20 02:44:54',4,'Joseph',1036),(743,95,'RED','2013-04-20 02:44:54',5,'Edmond',1036),(744,95,'RED','2013-04-20 02:44:54',6,'Ted',1036),(745,95,'BLUE','2013-04-20 02:52:38',1,'Joe',1037),(746,95,'BLUE','2013-04-20 02:52:38',2,'Stanley',1037),(747,95,'RED','2013-04-20 02:52:38',3,'Ted',1037),(748,95,'RED','2013-04-20 02:52:38',4,'Mitchell',1037),(749,95,'BLUE','2013-04-20 02:52:38',5,'Joseph',1037),(750,95,'RED','2013-04-20 02:52:38',6,'Edmond',1037),(751,95,'BLUE','2013-04-20 02:56:32',1,'Joe',1038),(752,95,'BLUE','2013-04-20 02:56:32',2,'Joseph',1038),(753,95,'BLUE','2013-04-20 02:56:32',3,'Stanley',1038),(754,95,'RED','2013-04-20 02:56:32',4,'Edmond',1038),(755,95,'RED','2013-04-20 02:56:32',5,'Mitchell',1038),(756,95,'RED','2013-04-20 02:56:32',6,'Ted',1038),(757,95,'BLUE','2013-04-20 02:59:24',1,'Stanley',1039),(758,95,'BLUE','2013-04-20 02:59:24',2,'Joe',1039),(759,95,'RED','2013-04-20 02:59:24',3,'Edmond',1039),(760,95,'RED','2013-04-20 02:59:24',4,'Mitchell',1039),(761,95,'RED','2013-04-20 02:59:24',5,'Ted',1039),(762,95,'BLUE','2013-04-20 02:59:24',6,'Joseph',1039),(763,96,'RED','2013-04-20 03:09:37',1,'Joe',1040),(764,96,'BLUE','2013-04-20 03:09:37',2,'Andrew',1040),(765,96,'RED','2013-04-20 03:09:37',3,'Stanley',1040),(766,96,'BLUE','2013-04-20 03:09:37',4,'Joseph',1040),(767,96,'RED','2013-04-20 03:09:37',5,'Mitchell',1040),(768,96,'BLUE','2013-04-20 03:09:37',6,'Ted',1040),(769,96,'BLUE','2013-04-20 03:14:29',1,'Ted',1041),(770,96,'BLUE','2013-04-20 03:14:29',2,'Andrew',1041),(771,96,'RED','2013-04-20 03:14:29',3,'Joe',1041),(772,96,'BLUE','2013-04-20 03:14:29',4,'Joseph',1041),(773,96,'RED','2013-04-20 03:14:29',5,'Mitchell',1041),(774,96,'RED','2013-04-20 03:14:29',6,'Stanley',1041),(775,96,'BLUE','2013-04-20 03:19:12',1,'Andrew',1042),(776,96,'BLUE','2013-04-20 03:19:12',2,'Ted',1042),(777,96,'RED','2013-04-20 03:19:12',3,'Mitchell',1042),(778,96,'BLUE','2013-04-20 03:19:12',4,'Joseph',1042),(779,96,'RED','2013-04-20 03:19:12',5,'Joe',1042),(780,96,'RED','2013-04-20 03:19:12',6,'Stanley',1042),(781,96,'BLUE','2013-04-20 03:26:35',1,'Andrew',1043),(782,96,'BLUE','2013-04-20 03:26:35',2,'Ted',1043),(783,96,'RED','2013-04-20 03:26:35',3,'Joe',1043),(784,96,'BLUE','2013-04-20 03:26:35',4,'Joseph',1043),(785,96,'RED','2013-04-20 03:26:35',5,'Mitchell',1043),(786,96,'RED','2013-04-20 03:26:35',6,'Stanley',1043),(787,96,'RED','2013-04-20 03:32:33',1,'Mitchell',1044),(788,96,'BLUE','2013-04-20 03:32:33',2,'Joseph',1044),(789,96,'RED','2013-04-20 03:32:33',3,'Stanley',1044),(790,96,'BLUE','2013-04-20 03:32:33',4,'Ted',1044),(791,96,'BLUE','2013-04-20 03:32:33',5,'Andrew',1044),(792,96,'RED','2013-04-20 03:32:33',6,'Joe',1044),(793,96,'BLUE','2013-04-20 03:38:02',1,'Joseph',1045),(794,96,'BLUE','2013-04-20 03:38:02',2,'Ted',1045),(795,96,'RED','2013-04-20 03:38:02',3,'Mitchell',1045),(796,96,'RED','2013-04-20 03:38:02',4,'Stanley',1045),(797,96,'RED','2013-04-20 03:38:02',5,'Joe',1045),(798,96,'BLUE','2013-04-20 03:38:02',6,'Andrew',1045),(799,96,'BLUE','2013-04-20 03:46:05',1,'Ted',1046),(800,96,'RED','2013-04-20 03:46:05',2,'Mitchell',1046),(801,96,'BLUE','2013-04-20 03:46:05',3,'Joseph',1046),(802,96,'RED','2013-04-20 03:46:05',4,'Stanley',1046),(803,96,'RED','2013-04-20 03:46:05',5,'Joe',1046),(804,96,'BLUE','2013-04-20 03:46:05',6,'Andrew',1046),(805,96,'BLUE','2013-04-20 03:52:02',1,'Ted',1047),(806,96,'RED','2013-04-20 03:52:02',2,'Mitchell',1047),(807,96,'RED','2013-04-20 03:52:02',3,'Joe',1047),(808,96,'BLUE','2013-04-20 03:52:02',4,'Joseph',1047),(809,96,'RED','2013-04-20 03:52:02',5,'Stanley',1047),(810,96,'BLUE','2013-04-20 03:52:02',6,'Andrew',1047),(811,96,'BLUE','2013-04-20 03:57:41',1,'Ted',1048),(812,96,'BLUE','2013-04-20 03:57:41',2,'Joseph',1048),(813,96,'RED','2013-04-20 03:57:41',3,'Stanley',1048),(814,96,'BLUE','2013-04-20 03:57:41',4,'Andrew',1048),(815,96,'RED','2013-04-20 03:57:41',5,'Mitchell',1048),(816,96,'RED','2013-04-20 03:57:41',6,'Joe',1048),(817,96,'BLUE','2013-04-20 04:02:25',1,'Ted',1049),(818,96,'BLUE','2013-04-20 04:02:25',2,'Andrew',1049),(819,96,'RED','2013-04-20 04:02:25',3,'Mitchell',1049),(820,96,'BLUE','2013-04-20 04:02:25',4,'Joseph',1049),(821,96,'RED','2013-04-20 04:02:25',5,'Joe',1049),(822,96,'RED','2013-04-20 04:02:25',6,'Stanley',1049),(823,96,'BLUE','2013-04-20 04:08:31',1,'Andrew',1050),(824,96,'RED','2013-04-20 04:08:31',2,'Stanley',1050),(825,96,'RED','2013-04-20 04:08:31',3,'Mitchell',1050),(826,96,'RED','2013-04-20 04:08:31',4,'Joe',1050),(827,96,'BLUE','2013-04-20 04:08:31',5,'Joseph',1050),(828,96,'BLUE','2013-04-20 04:08:31',6,'Ted',1050),(829,96,'BLUE','2013-04-20 04:14:18',1,'Joseph',1051),(830,96,'RED','2013-04-20 04:14:18',2,'Stanley',1051),(831,96,'BLUE','2013-04-20 04:14:18',3,'Andrew',1051),(832,96,'RED','2013-04-20 04:14:18',4,'Mitchell',1051),(833,96,'RED','2013-04-20 04:14:18',5,'Joe',1051),(834,96,'BLUE','2013-04-20 04:14:18',6,'Ted',1051),(835,96,'BLUE','2013-04-20 04:16:48',1,'Joseph',1052),(836,96,'RED','2013-04-20 04:16:48',2,'Joe',1052),(837,96,'RED','2013-04-20 04:16:48',3,'Stanley',1052),(838,96,'RED','2013-04-20 04:16:48',4,'Mitchell',1052),(839,96,'BLUE','2013-04-20 04:16:48',5,'Andrew',1052),(840,96,'BLUE','2013-04-20 04:16:48',6,'Ted',1052),(841,97,'BLUE','2013-04-20 04:24:29',1,'Joe',1053),(842,97,'BLUE','2013-04-20 04:24:29',2,'Stanley',1053),(843,97,'BLUE','2013-04-20 04:24:29',3,'Edmond',1053),(844,97,'RED','2013-04-20 04:24:29',4,'Joseph',1053),(845,97,'RED','2013-04-20 04:24:29',5,'Andrew',1053),(846,97,'RED','2013-04-20 04:24:29',6,'Ted',1053),(847,97,'BLUE','2013-04-20 04:31:04',1,'Edmond',1054),(848,97,'BLUE','2013-04-20 04:31:04',2,'Joe',1054),(849,97,'RED','2013-04-20 04:31:04',3,'Andrew',1054),(850,97,'RED','2013-04-20 04:31:04',4,'Ted',1054),(851,97,'RED','2013-04-20 04:31:04',5,'Joseph',1054),(852,97,'BLUE','2013-04-20 04:31:04',6,'Stanley',1054),(853,97,'BLUE','2013-04-20 04:37:37',1,'Joe',1055),(854,97,'BLUE','2013-04-20 04:37:37',2,'Edmond',1055),(855,97,'RED','2013-04-20 04:37:37',3,'Ted',1055),(856,97,'BLUE','2013-04-20 04:37:37',4,'Stanley',1055),(857,97,'RED','2013-04-20 04:37:37',5,'Andrew',1055),(858,97,'RED','2013-04-20 04:37:37',6,'Joseph',1055),(859,97,'BLUE','2013-04-20 04:46:50',1,'Edmond',1056),(860,97,'BLUE','2013-04-20 04:46:50',2,'Joe',1056),(861,97,'RED','2013-04-20 04:46:50',3,'Ted',1056),(862,97,'RED','2013-04-20 04:46:50',4,'Andrew',1056),(863,97,'RED','2013-04-20 04:46:50',5,'Joseph',1056),(864,97,'BLUE','2013-04-20 04:46:50',6,'Stanley',1056),(865,97,'BLUE','2013-04-20 04:55:09',1,'Edmond',1057),(866,97,'BLUE','2013-04-20 04:55:09',2,'Joe',1057),(867,97,'RED','2013-04-20 04:55:09',3,'Joseph',1057),(868,97,'RED','2013-04-20 04:55:09',4,'Ted',1057),(869,97,'BLUE','2013-04-20 04:55:09',5,'Stanley',1057),(870,97,'RED','2013-04-20 04:55:09',6,'Andrew',1057),(871,97,'BLUE','2013-04-20 05:01:32',1,'Stanley',1058),(872,97,'RED','2013-04-20 05:01:32',2,'Joseph',1058),(873,97,'RED','2013-04-20 05:01:32',3,'Andrew',1058),(874,97,'BLUE','2013-04-20 05:01:32',4,'Edmond',1058),(875,97,'BLUE','2013-04-20 05:01:32',5,'Joe',1058),(876,97,'RED','2013-04-20 05:01:32',6,'Ted',1058),(877,97,'BLUE','2013-04-20 05:07:49',1,'Stanley',1059),(878,97,'BLUE','2013-04-20 05:07:49',2,'Edmond',1059),(879,97,'RED','2013-04-20 05:07:49',3,'Ted',1059),(880,97,'BLUE','2013-04-20 05:07:49',4,'Joe',1059),(881,97,'RED','2013-04-20 05:07:49',5,'Andrew',1059),(882,97,'RED','2013-04-20 05:07:49',6,'Joseph',1059),(889,97,'BLUE','2013-04-20 05:16:44',1,'Joe',1061),(890,97,'BLUE','2013-04-20 05:16:44',2,'Stanley',1061),(891,97,'RED','2013-04-20 05:16:44',3,'Andrew',1061),(892,97,'RED','2013-04-20 05:16:44',4,'Joseph',1061),(893,97,'RED','2013-04-20 05:16:44',5,'Ted',1061),(894,97,'BLUE','2013-04-20 05:16:44',6,'Edmond',1061),(895,97,'RED','2013-04-20 05:21:58',1,'Andrew',1062),(896,97,'BLUE','2013-04-20 05:21:58',2,'Joe',1062),(897,97,'BLUE','2013-04-20 05:21:58',3,'Stanley',1062),(898,97,'RED','2013-04-20 05:21:58',4,'Ted',1062),(899,97,'BLUE','2013-04-20 05:21:58',5,'Edmond',1062),(900,97,'RED','2013-04-20 05:21:58',6,'Joseph',1062),(901,97,'BLUE','2013-04-20 05:26:59',1,'Edmond',1063),(902,97,'RED','2013-04-20 05:26:59',2,'Andrew',1063),(903,97,'RED','2013-04-20 05:26:59',3,'Ted',1063),(904,97,'RED','2013-04-20 05:26:59',4,'Joseph',1063),(905,97,'BLUE','2013-04-20 05:26:59',5,'Stanley',1063),(906,97,'BLUE','2013-04-20 05:26:59',6,'Joe',1063),(907,98,'RED','2013-04-20 05:36:00',1,'Stanley',1064),(908,98,'RED','2013-04-20 05:36:00',2,'Mitchell',1064),(909,98,'BLUE','2013-04-20 05:36:00',3,'Andrew',1064),(910,98,'BLUE','2013-04-20 05:36:00',4,'Joe',1064),(911,98,'BLUE','2013-04-20 05:36:00',5,'Ted',1064),(912,98,'RED','2013-04-20 05:36:00',6,'Edmond',1064),(913,98,'BLUE','2013-04-20 05:47:16',1,'Ted',1065),(914,98,'RED','2013-04-20 05:47:16',2,'Stanley',1065),(915,98,'RED','2013-04-20 05:47:16',3,'Edmond',1065),(916,98,'RED','2013-04-20 05:47:16',4,'Mitchell',1065),(917,98,'BLUE','2013-04-20 05:47:16',5,'Joe',1065),(918,98,'BLUE','2013-04-20 05:47:16',6,'Andrew',1065),(919,98,'BLUE','2013-04-20 05:51:06',1,'Ted',1066),(920,98,'RED','2013-04-20 05:51:06',2,'Edmond',1066),(921,98,'RED','2013-04-20 05:51:06',3,'Stanley',1066),(922,98,'RED','2013-04-20 05:51:06',4,'Mitchell',1066),(923,98,'BLUE','2013-04-20 05:51:06',5,'Joe',1066),(924,98,'BLUE','2013-04-20 05:51:06',6,'Andrew',1066),(925,98,'RED','2013-04-20 05:57:38',1,'Mitchell',1067),(926,98,'BLUE','2013-04-20 05:57:38',2,'Ted',1067),(927,98,'BLUE','2013-04-20 05:57:38',3,'Joe',1067),(928,98,'RED','2013-04-20 05:57:38',4,'Edmond',1067),(929,98,'RED','2013-04-20 05:57:38',5,'Stanley',1067),(930,98,'BLUE','2013-04-20 05:57:38',6,'Andrew',1067),(931,98,'BLUE','2013-04-20 06:02:40',1,'Andrew',1068),(932,98,'RED','2013-04-20 06:02:40',2,'Mitchell',1068),(933,98,'RED','2013-04-20 06:02:40',3,'Stanley',1068),(934,98,'RED','2013-04-20 06:02:40',4,'Edmond',1068),(935,98,'BLUE','2013-04-20 06:02:40',5,'Joe',1068),(936,98,'BLUE','2013-04-20 06:02:40',6,'Ted',1068),(937,98,'RED','2013-04-20 06:10:10',1,'Mitchell',1069),(938,98,'BLUE','2013-04-20 06:10:10',2,'Andrew',1069),(939,98,'BLUE','2013-04-20 06:10:10',3,'Ted',1069),(940,98,'RED','2013-04-20 06:10:10',4,'Edmond',1069),(941,98,'BLUE','2013-04-20 06:10:10',5,'Joe',1069),(942,98,'RED','2013-04-20 06:10:10',6,'Stanley',1069),(943,98,'RED','2013-04-20 06:15:36',1,'Edmond',1070),(944,98,'RED','2013-04-20 06:15:36',2,'Mitchell',1070),(945,98,'BLUE','2013-04-20 06:15:36',3,'Andrew',1070),(946,98,'BLUE','2013-04-20 06:15:36',4,'Ted',1070),(947,98,'BLUE','2013-04-20 06:15:36',5,'Joe',1070),(948,98,'RED','2013-04-20 06:15:36',6,'Stanley',1070),(949,98,'BLUE','2013-04-20 06:22:15',1,'Joe',1071),(950,98,'BLUE','2013-04-20 06:22:15',2,'Andrew',1071),(951,98,'RED','2013-04-20 06:22:15',3,'Mitchell',1071),(952,98,'RED','2013-04-20 06:22:15',4,'Edmond',1071),(953,98,'RED','2013-04-20 06:22:15',5,'Stanley',1071),(954,98,'BLUE','2013-04-20 06:22:15',6,'Ted',1071),(955,98,'BLUE','2013-04-20 06:28:16',1,'Andrew',1072),(956,98,'BLUE','2013-04-20 06:28:16',2,'Joe',1072),(957,98,'RED','2013-04-20 06:28:16',3,'Edmond',1072),(958,98,'RED','2013-04-20 06:28:16',4,'Stanley',1072),(959,98,'BLUE','2013-04-20 06:28:16',5,'Ted',1072),(960,98,'RED','2013-04-20 06:28:16',6,'Mitchell',1072),(961,98,'BLUE','2013-04-20 06:36:53',1,'Ted',1073),(962,98,'RED','2013-04-20 06:36:53',2,'Mitchell',1073),(963,98,'BLUE','2013-04-20 06:36:53',3,'Andrew',1073),(964,98,'RED','2013-04-20 06:36:53',4,'Edmond',1073),(965,98,'BLUE','2013-04-20 06:36:53',5,'Joe',1073),(966,98,'RED','2013-04-20 06:36:53',6,'Stanley',1073),(967,98,'RED','2013-04-20 06:43:32',1,'Mitchell',1074),(968,98,'BLUE','2013-04-20 06:43:32',2,'Ted',1074),(969,98,'RED','2013-04-20 06:43:32',3,'Edmond',1074),(970,98,'BLUE','2013-04-20 06:43:32',4,'Andrew',1074),(971,98,'BLUE','2013-04-20 06:43:32',5,'Joe',1074),(972,98,'RED','2013-04-20 06:43:32',6,'Stanley',1074),(973,98,'RED','2013-04-20 06:47:27',1,'Mitchell',1075),(974,98,'RED','2013-04-20 06:47:27',2,'Edmond',1075),(975,98,'BLUE','2013-04-20 06:47:27',3,'Ted',1075),(976,98,'BLUE','2013-04-20 06:47:27',4,'Joe',1075),(977,98,'RED','2013-04-20 06:47:27',5,'Stanley',1075),(978,98,'BLUE','2013-04-20 06:47:27',6,'Andrew',1075),(979,98,'RED','2013-04-20 06:51:46',1,'Edmond',1076),(980,98,'RED','2013-04-20 06:51:46',2,'Mitchell',1076),(981,98,'RED','2013-04-20 06:51:46',3,'Stanley',1076),(982,98,'BLUE','2013-04-20 06:51:46',4,'Joe',1076),(983,98,'BLUE','2013-04-20 06:51:46',5,'Ted',1076),(984,98,'BLUE','2013-04-20 06:51:46',6,'Andrew',1076),(985,99,'BLUE','2013-04-20 06:59:07',1,'Mitchell',1077),(986,99,'RED','2013-04-20 06:59:07',2,'Ted',1077),(987,99,'RED','2013-04-20 06:59:07',3,'Joe',1077),(988,99,'BLUE','2013-04-20 06:59:07',4,'Joseph',1077),(989,99,'BLUE','2013-04-20 06:59:07',5,'Edmond',1077),(990,99,'RED','2013-04-20 06:59:07',6,'Andrew',1077),(991,99,'BLUE','2013-04-20 07:08:04',1,'Mitchell',1078),(992,99,'RED','2013-04-20 07:08:04',2,'Ted',1078),(993,99,'BLUE','2013-04-20 07:08:04',3,'Edmond',1078),(994,99,'RED','2013-04-20 07:08:04',4,'Andrew',1078),(995,99,'RED','2013-04-20 07:08:04',5,'Joe',1078),(996,99,'BLUE','2013-04-20 07:08:04',6,'Joseph',1078),(997,99,'BLUE','2013-04-20 07:14:25',1,'Mitchell',1079),(998,99,'RED','2013-04-20 07:14:25',2,'Andrew',1079),(999,99,'RED','2013-04-20 07:14:25',3,'Ted',1079),(1000,99,'BLUE','2013-04-20 07:14:25',4,'Joseph',1079),(1001,99,'BLUE','2013-04-20 07:14:25',5,'Edmond',1079),(1002,99,'RED','2013-04-20 07:14:25',6,'Joe',1079),(1003,99,'BLUE','2013-04-20 07:22:20',1,'Joseph',1080),(1004,99,'RED','2013-04-20 07:22:20',2,'Ted',1080),(1005,99,'RED','2013-04-20 07:22:20',3,'Andrew',1080),(1006,99,'RED','2013-04-20 07:22:20',4,'Joe',1080),(1007,99,'BLUE','2013-04-20 07:22:20',5,'Edmond',1080),(1008,99,'BLUE','2013-04-20 07:22:20',6,'Mitchell',1080),(1009,99,'BLUE','2013-04-20 07:31:28',1,'Mitchell',1081),(1010,99,'RED','2013-04-20 07:31:28',2,'Ted',1081),(1011,99,'BLUE','2013-04-20 07:31:28',3,'Edmond',1081),(1012,99,'BLUE','2013-04-20 07:31:28',4,'Joseph',1081),(1013,99,'RED','2013-04-20 07:31:28',5,'Joe',1081),(1014,99,'RED','2013-04-20 07:31:28',6,'Andrew',1081),(1015,99,'BLUE','2013-04-20 07:36:58',1,'Edmond',1082),(1016,99,'BLUE','2013-04-20 07:36:58',2,'Mitchell',1082),(1017,99,'RED','2013-04-20 07:36:58',3,'Ted',1082),(1018,99,'BLUE','2013-04-20 07:36:58',4,'Joseph',1082),(1019,99,'RED','2013-04-20 07:36:58',5,'Joe',1082),(1020,99,'RED','2013-04-20 07:36:58',6,'Andrew',1082),(1021,99,'BLUE','2013-04-20 07:43:11',1,'Edmond',1083),(1022,99,'BLUE','2013-04-20 07:43:11',2,'Mitchell',1083),(1023,99,'RED','2013-04-20 07:43:11',3,'Joe',1083),(1024,99,'BLUE','2013-04-20 07:43:11',4,'Joseph',1083),(1025,99,'RED','2013-04-20 07:43:11',5,'Andrew',1083),(1026,99,'RED','2013-04-20 07:43:11',6,'Ted',1083),(1027,99,'BLUE','2013-04-20 07:47:32',1,'Edmond',1084),(1028,99,'BLUE','2013-04-20 07:47:32',2,'Mitchell',1084),(1029,99,'RED','2013-04-20 07:47:32',3,'Ted',1084),(1030,99,'RED','2013-04-20 07:47:32',4,'Andrew',1084),(1031,99,'RED','2013-04-20 07:47:32',5,'Joe',1084),(1032,99,'BLUE','2013-04-20 07:47:32',6,'Joseph',1084),(1033,99,'BLUE','2013-04-20 07:53:02',1,'Edmond',1085),(1034,99,'RED','2013-04-20 07:53:02',2,'Ted',1085),(1035,99,'RED','2013-04-20 07:53:02',3,'Andrew',1085),(1036,99,'BLUE','2013-04-20 07:53:02',4,'Mitchell',1085),(1037,99,'RED','2013-04-20 07:53:02',5,'Joe',1085),(1038,99,'BLUE','2013-04-20 07:53:02',6,'Joseph',1085),(1039,99,'BLUE','2013-04-20 08:01:56',1,'Mitchell',1086),(1040,99,'BLUE','2013-04-20 08:01:56',2,'Edmond',1086),(1041,99,'RED','2013-04-20 08:01:56',3,'Ted',1086),(1042,99,'RED','2013-04-20 08:01:56',4,'Joe',1086),(1043,99,'BLUE','2013-04-20 08:01:56',5,'Joseph',1086),(1044,99,'RED','2013-04-20 08:01:56',6,'Andrew',1086),(1045,99,'BLUE','2013-04-20 08:08:07',1,'Edmond',1087),(1046,99,'BLUE','2013-04-20 08:08:07',2,'Mitchell',1087),(1047,99,'RED','2013-04-20 08:08:07',3,'Ted',1087),(1048,99,'RED','2013-04-20 08:08:07',4,'Andrew',1087),(1049,99,'RED','2013-04-20 08:08:07',5,'Joe',1087),(1050,99,'BLUE','2013-04-20 08:08:07',6,'Joseph',1087),(1051,99,'RED','2013-04-20 08:11:30',1,'Joe',1088),(1052,99,'BLUE','2013-04-20 08:11:30',2,'Mitchell',1088),(1053,99,'RED','2013-04-20 08:11:30',3,'Ted',1088),(1054,99,'RED','2013-04-20 08:11:30',4,'Andrew',1088),(1055,99,'BLUE','2013-04-20 08:11:30',5,'Joseph',1088),(1056,99,'BLUE','2013-04-20 08:11:30',6,'Edmond',1088),(1057,100,'RED','2013-04-20 08:19:42',1,'Mitchell',1089),(1058,100,'BLUE','2013-04-20 08:19:42',2,'Joe',1089),(1059,100,'BLUE','2013-04-20 08:19:42',3,'Joseph',1089),(1060,100,'RED','2013-04-20 08:19:42',4,'Andrew',1089),(1061,100,'BLUE','2013-04-20 08:19:42',5,'Ted',1089),(1062,100,'RED','2013-04-20 08:19:42',6,'Edmond',1089),(1063,100,'BLUE','2013-04-20 08:27:32',1,'Joseph',1090),(1064,100,'RED','2013-04-20 08:27:32',2,'Mitchell',1090),(1065,100,'BLUE','2013-04-20 08:27:32',3,'Joe',1090),(1066,100,'BLUE','2013-04-20 08:27:32',4,'Ted',1090),(1067,100,'RED','2013-04-20 08:27:32',5,'Andrew',1090),(1068,100,'RED','2013-04-20 08:27:32',6,'Edmond',1090),(1069,100,'RED','2013-04-20 08:36:12',1,'Mitchell',1091),(1070,100,'BLUE','2013-04-20 08:36:12',2,'Joseph',1091),(1071,100,'BLUE','2013-04-20 08:36:12',3,'Joe',1091),(1072,100,'RED','2013-04-20 08:36:12',4,'Andrew',1091),(1073,100,'BLUE','2013-04-20 08:36:12',5,'Ted',1091),(1074,100,'RED','2013-04-20 08:36:12',6,'Edmond',1091),(1075,100,'BLUE','2013-04-20 08:45:54',1,'Joseph',1092),(1076,100,'RED','2013-04-20 08:45:54',2,'Mitchell',1092),(1077,100,'RED','2013-04-20 08:45:54',3,'Edmond',1092),(1078,100,'BLUE','2013-04-20 08:45:54',4,'Ted',1092),(1079,100,'BLUE','2013-04-20 08:45:54',5,'Joe',1092),(1080,100,'RED','2013-04-20 08:45:54',6,'Andrew',1092),(1081,100,'RED','2013-04-20 08:53:59',1,'Mitchell',1093),(1082,100,'RED','2013-04-20 08:53:59',2,'Andrew',1093),(1083,100,'BLUE','2013-04-20 08:53:59',3,'Ted',1093),(1084,100,'RED','2013-04-20 08:53:59',4,'Edmond',1093),(1085,100,'BLUE','2013-04-20 08:53:59',5,'Joseph',1093),(1086,100,'BLUE','2013-04-20 08:53:59',6,'Joe',1093),(1087,100,'RED','2013-04-20 09:04:03',1,'Mitchell',1094),(1088,100,'BLUE','2013-04-20 09:04:03',2,'Joseph',1094),(1089,100,'RED','2013-04-20 09:04:03',3,'Edmond',1094),(1090,100,'RED','2013-04-20 09:04:03',4,'Andrew',1094),(1091,100,'BLUE','2013-04-20 09:04:03',5,'Ted',1094),(1092,100,'BLUE','2013-04-20 09:04:03',6,'Joe',1094),(1093,100,'BLUE','2013-04-20 09:12:45',1,'Joe',1095),(1094,100,'RED','2013-04-20 09:12:45',2,'Andrew',1095),(1095,100,'RED','2013-04-20 09:12:45',3,'Mitchell',1095),(1096,100,'BLUE','2013-04-20 09:12:45',4,'Ted',1095),(1097,100,'BLUE','2013-04-20 09:12:45',5,'Joseph',1095),(1098,100,'RED','2013-04-20 09:12:45',6,'Edmond',1095),(1099,100,'BLUE','2013-04-20 09:21:17',1,'Joseph',1096),(1100,100,'RED','2013-04-20 09:21:17',2,'Mitchell',1096),(1101,100,'RED','2013-04-20 09:21:17',3,'Andrew',1096),(1102,100,'BLUE','2013-04-20 09:21:17',4,'Ted',1096),(1103,100,'BLUE','2013-04-20 09:21:17',5,'Joe',1096),(1104,100,'RED','2013-04-20 09:21:17',6,'Edmond',1096),(1105,100,'BLUE','2013-04-20 09:28:22',1,'Joseph',1097),(1106,100,'BLUE','2013-04-20 09:28:22',2,'Ted',1097),(1107,100,'RED','2013-04-20 09:28:22',3,'Mitchell',1097),(1108,100,'RED','2013-04-20 09:28:22',4,'Andrew',1097),(1109,100,'BLUE','2013-04-20 09:28:22',5,'Joe',1097),(1110,100,'RED','2013-04-20 09:28:22',6,'Edmond',1097),(1111,100,'BLUE','2013-04-20 09:37:07',1,'Joseph',1098),(1112,100,'BLUE','2013-04-20 09:37:07',2,'Ted',1098),(1113,100,'RED','2013-04-20 09:37:07',3,'Edmond',1098),(1114,100,'BLUE','2013-04-20 09:37:07',4,'Joe',1098),(1115,100,'RED','2013-04-20 09:37:07',5,'Andrew',1098),(1116,100,'RED','2013-04-20 09:37:07',6,'Mitchell',1098),(1117,100,'BLUE','2013-04-20 09:44:29',1,'Joe',1099),(1118,100,'RED','2013-04-20 09:44:29',2,'Andrew',1099),(1119,100,'BLUE','2013-04-20 09:44:29',3,'Joseph',1099),(1120,100,'BLUE','2013-04-20 09:44:29',4,'Ted',1099),(1121,100,'RED','2013-04-20 09:44:29',5,'Edmond',1099),(1122,100,'RED','2013-04-20 09:44:29',6,'Mitchell',1099),(1123,100,'BLUE','2013-04-20 09:50:16',1,'Joe',1100),(1124,100,'BLUE','2013-04-20 09:50:16',2,'Ted',1100),(1125,100,'RED','2013-04-20 09:50:16',3,'Edmond',1100),(1126,100,'BLUE','2013-04-20 09:50:16',4,'Joseph',1100),(1127,100,'RED','2013-04-20 09:50:16',5,'Andrew',1100),(1128,100,'RED','2013-04-20 09:50:16',6,'Mitchell',1100),(1135,102,'BLUE','2013-04-28 03:27:27',1,'Mitchell',1102),(1136,102,'RED','2013-04-28 03:27:27',2,'Ian',1102),(1137,102,'RED','2013-04-28 03:27:27',3,'Stanley',1102),(1138,102,'BLUE','2013-04-28 03:27:27',4,'Andrew',1102),(1139,102,'BLUE','2013-04-28 03:27:27',5,'Joe',1102),(1140,102,'RED','2013-04-28 03:27:27',6,'Edmond',1102),(1141,102,'RED','2013-04-28 03:29:56',1,'Ian',1103),(1142,102,'BLUE','2013-04-28 03:29:56',2,'Joe',1103),(1143,102,'RED','2013-04-28 03:29:56',3,'Edmond',1103),(1144,102,'BLUE','2013-04-28 03:29:56',4,'Andrew',1103),(1145,102,'RED','2013-04-28 03:29:56',5,'Stanley',1103),(1146,102,'BLUE','2013-04-28 03:29:56',6,'Mitchell',1103),(1147,102,'RED','2013-04-28 03:38:40',1,'Edmond',1104),(1148,102,'RED','2013-04-28 03:38:40',2,'Ian',1104),(1149,102,'BLUE','2013-04-28 03:38:40',3,'Joe',1104),(1150,102,'RED','2013-04-28 03:38:40',4,'Stanley',1104),(1151,102,'BLUE','2013-04-28 03:38:40',5,'Andrew',1104),(1152,102,'BLUE','2013-04-28 03:38:40',6,'Mitchell',1104),(1153,102,'RED','2013-04-28 03:43:09',1,'Ian',1105),(1154,102,'RED','2013-04-28 03:43:09',2,'Stanley',1105),(1155,102,'BLUE','2013-04-28 03:43:09',3,'Mitchell',1105),(1156,102,'RED','2013-04-28 03:43:09',4,'Edmond',1105),(1157,102,'BLUE','2013-04-28 03:43:09',5,'Joe',1105),(1158,102,'BLUE','2013-04-28 03:43:09',6,'Andrew',1105),(1159,102,'BLUE','2013-04-28 03:50:14',1,'Joe',1106),(1160,102,'RED','2013-04-28 03:50:14',2,'Ian',1106),(1161,102,'BLUE','2013-04-28 03:50:14',3,'Mitchell',1106),(1162,102,'RED','2013-04-28 03:50:14',4,'Stanley',1106),(1163,102,'BLUE','2013-04-28 03:50:14',5,'Andrew',1106),(1164,102,'RED','2013-04-28 03:50:14',6,'Edmond',1106),(1165,102,'BLUE','2013-04-28 03:57:21',1,'Joe',1107),(1166,102,'BLUE','2013-04-28 03:57:21',2,'Mitchell',1107),(1167,102,'RED','2013-04-28 03:57:21',3,'Stanley',1107),(1168,102,'BLUE','2013-04-28 03:57:21',4,'Andrew',1107),(1169,102,'RED','2013-04-28 03:57:21',5,'Edmond',1107),(1170,102,'RED','2013-04-28 03:57:21',6,'Ian',1107),(1171,102,'BLUE','2013-04-28 04:03:50',1,'Joe',1108),(1172,102,'RED','2013-04-28 04:03:50',2,'Edmond',1108),(1173,102,'RED','2013-04-28 04:03:50',3,'Ian',1108),(1174,102,'RED','2013-04-28 04:03:50',4,'Stanley',1108),(1175,102,'BLUE','2013-04-28 04:03:50',5,'Mitchell',1108),(1176,102,'BLUE','2013-04-28 04:03:50',6,'Andrew',1108),(1177,102,'RED','2013-04-28 04:09:30',1,'Edmond',1109),(1178,102,'BLUE','2013-04-28 04:09:30',2,'Joe',1109),(1179,102,'BLUE','2013-04-28 04:09:30',3,'Andrew',1109),(1180,102,'BLUE','2013-04-28 04:09:30',4,'Mitchell',1109),(1181,102,'RED','2013-04-28 04:09:30',5,'Stanley',1109),(1182,102,'RED','2013-04-28 04:09:30',6,'Ian',1109),(1183,102,'RED','2013-04-28 04:21:05',1,'Ian',1110),(1184,102,'BLUE','2013-04-28 04:21:05',2,'Andrew',1110),(1185,102,'BLUE','2013-04-28 04:21:05',3,'Joe',1110),(1186,102,'RED','2013-04-28 04:21:05',4,'Edmond',1110),(1187,102,'BLUE','2013-04-28 04:21:05',5,'Mitchell',1110),(1188,102,'RED','2013-04-28 04:21:05',6,'Stanley',1110),(1189,102,'BLUE','2013-04-28 04:25:30',1,'Joe',1111),(1190,102,'RED','2013-04-28 04:25:30',2,'Ian',1111),(1191,102,'RED','2013-04-28 04:25:30',3,'Edmond',1111),(1192,102,'BLUE','2013-04-28 04:25:30',4,'Mitchell',1111),(1193,102,'RED','2013-04-28 04:25:30',5,'Stanley',1111),(1194,102,'BLUE','2013-04-28 04:25:30',6,'Andrew',1111),(1195,102,'RED','2013-04-28 04:31:27',1,'Stanley',1112),(1196,102,'BLUE','2013-04-28 04:31:27',2,'Joe',1112),(1197,102,'BLUE','2013-04-28 04:31:27',3,'Mitchell',1112),(1198,102,'RED','2013-04-28 04:31:27',4,'Edmond',1112),(1199,102,'RED','2013-04-28 04:31:27',5,'Ian',1112),(1200,102,'BLUE','2013-04-28 04:31:27',6,'Andrew',1112),(1201,102,'RED','2013-04-28 04:39:18',1,'Stanley',1113),(1202,102,'BLUE','2013-04-28 04:39:18',2,'Mitchell',1113),(1203,102,'BLUE','2013-04-28 04:39:18',3,'Andrew',1113),(1204,102,'RED','2013-04-28 04:39:18',4,'Ian',1113),(1205,102,'RED','2013-04-28 04:39:18',5,'Edmond',1113),(1206,102,'BLUE','2013-04-28 04:39:18',6,'Joe',1113),(1207,102,'BLUE','2013-04-28 04:47:04',1,'Joe',1114),(1208,102,'RED','2013-04-28 04:47:04',2,'Ian',1114),(1209,102,'BLUE','2013-04-28 04:47:04',3,'Mitchell',1114),(1210,102,'RED','2013-04-28 04:47:04',4,'Stanley',1114),(1211,102,'BLUE','2013-04-28 04:47:04',5,'Andrew',1114),(1212,102,'RED','2013-04-28 04:47:04',6,'Edmond',1114),(1213,102,'RED','2013-04-28 04:55:15',1,'Ian',1115),(1214,102,'BLUE','2013-04-28 04:55:15',2,'Mitchell',1115),(1215,102,'RED','2013-04-28 04:55:15',3,'Stanley',1115),(1216,102,'RED','2013-04-28 04:55:15',4,'Edmond',1115),(1217,102,'BLUE','2013-04-28 04:55:15',5,'Andrew',1115),(1218,102,'BLUE','2013-04-28 04:55:15',6,'Joe',1115),(1219,103,'RED','2013-04-28 05:04:22',1,'David',1116),(1220,103,'RED','2013-04-28 05:04:22',2,'Joe',1116),(1221,103,'BLUE','2013-04-28 05:04:22',3,'Mitchell',1116),(1222,103,'BLUE','2013-04-28 05:04:22',4,'Edmond',1116),(1223,103,'BLUE','2013-04-28 05:04:22',5,'Andrew',1116),(1224,103,'RED','2013-04-28 05:04:22',6,'Ian',1116),(1225,103,'RED','2013-04-28 05:14:39',1,'David',1117),(1226,103,'BLUE','2013-04-28 05:14:39',2,'Mitchell',1117),(1227,103,'RED','2013-04-28 05:14:39',3,'Joe',1117),(1228,103,'RED','2013-04-28 05:14:39',4,'Ian',1117),(1229,103,'BLUE','2013-04-28 05:14:39',5,'Edmond',1117),(1230,103,'BLUE','2013-04-28 05:14:39',6,'Andrew',1117),(1231,103,'BLUE','2013-04-28 05:23:43',1,'Edmond',1118),(1232,103,'RED','2013-04-28 05:23:43',2,'David',1118),(1233,103,'RED','2013-04-28 05:23:43',3,'Joe',1118),(1234,103,'BLUE','2013-04-28 05:23:43',4,'Mitchell',1118),(1235,103,'RED','2013-04-28 05:23:43',5,'Ian',1118),(1236,103,'BLUE','2013-04-28 05:23:43',6,'Andrew',1118),(1237,103,'BLUE','2013-04-28 05:30:57',1,'Edmond',1119),(1238,103,'BLUE','2013-04-28 05:30:57',2,'Mitchell',1119),(1239,103,'RED','2013-04-28 05:30:57',3,'Ian',1119),(1240,103,'RED','2013-04-28 05:30:57',4,'David',1119),(1241,103,'RED','2013-04-28 05:30:57',5,'Joe',1119),(1242,103,'BLUE','2013-04-28 05:30:57',6,'Andrew',1119),(1243,103,'BLUE','2013-04-28 05:38:33',1,'Mitchell',1120),(1244,103,'BLUE','2013-04-28 05:38:33',2,'Andrew',1120),(1245,103,'RED','2013-04-28 05:38:33',3,'Joe',1120),(1246,103,'BLUE','2013-04-28 05:38:33',4,'Edmond',1120),(1247,103,'RED','2013-04-28 05:38:33',5,'David',1120),(1248,103,'RED','2013-04-28 05:38:33',6,'Ian',1120),(1249,103,'BLUE','2013-04-28 05:45:34',1,'Mitchell',1121),(1250,103,'BLUE','2013-04-28 05:45:34',2,'Andrew',1121),(1251,103,'RED','2013-04-28 05:45:34',3,'Ian',1121),(1252,103,'RED','2013-04-28 05:45:34',4,'David',1121),(1253,103,'RED','2013-04-28 05:45:34',5,'Joe',1121),(1254,103,'BLUE','2013-04-28 05:45:34',6,'Edmond',1121),(1255,103,'BLUE','2013-04-28 05:50:54',1,'Mitchell',1122),(1256,103,'RED','2013-04-28 05:50:54',2,'Ian',1122),(1257,103,'RED','2013-04-28 05:50:54',3,'Joe',1122),(1258,103,'RED','2013-04-28 05:50:54',4,'David',1122),(1259,103,'BLUE','2013-04-28 05:50:54',5,'Edmond',1122),(1260,103,'BLUE','2013-04-28 05:50:54',6,'Andrew',1122),(1261,103,'BLUE','2013-04-28 05:59:45',1,'Andrew',1123),(1262,103,'RED','2013-04-28 05:59:45',2,'Ian',1123),(1263,103,'RED','2013-04-28 05:59:45',3,'David',1123),(1264,103,'BLUE','2013-04-28 05:59:45',4,'Mitchell',1123),(1265,103,'RED','2013-04-28 05:59:45',5,'Joe',1123),(1266,103,'BLUE','2013-04-28 05:59:45',6,'Edmond',1123),(1267,103,'RED','2013-04-28 06:08:51',1,'David',1124),(1268,103,'BLUE','2013-04-28 06:08:51',2,'Andrew',1124),(1269,103,'BLUE','2013-04-28 06:08:51',3,'Edmond',1124),(1270,103,'BLUE','2013-04-28 06:08:51',4,'Mitchell',1124),(1271,103,'RED','2013-04-28 06:08:51',5,'Joe',1124),(1272,103,'RED','2013-04-28 06:08:51',6,'Ian',1124),(1273,103,'BLUE','2013-04-28 06:16:29',1,'Andrew',1125),(1274,103,'RED','2013-04-28 06:16:29',2,'David',1125),(1275,103,'BLUE','2013-04-28 06:16:29',3,'Edmond',1125),(1276,103,'RED','2013-04-28 06:16:29',4,'Ian',1125),(1277,103,'RED','2013-04-28 06:16:29',5,'Joe',1125),(1278,103,'BLUE','2013-04-28 06:16:29',6,'Mitchell',1125),(1279,103,'RED','2013-04-28 06:23:42',1,'David',1126),(1280,103,'BLUE','2013-04-28 06:23:42',2,'Edmond',1126),(1281,103,'BLUE','2013-04-28 06:23:42',3,'Mitchell',1126),(1282,103,'BLUE','2013-04-28 06:23:42',4,'Andrew',1126),(1283,103,'RED','2013-04-28 06:23:42',5,'Joe',1126),(1284,103,'RED','2013-04-28 06:23:42',6,'Ian',1126),(1285,103,'BLUE','2013-04-28 06:29:56',1,'Edmond',1127),(1286,103,'RED','2013-04-28 06:29:56',2,'David',1127),(1287,103,'BLUE','2013-04-28 06:29:56',3,'Andrew',1127),(1288,103,'BLUE','2013-04-28 06:29:56',4,'Mitchell',1127),(1289,103,'RED','2013-04-28 06:29:56',5,'Ian',1127),(1290,103,'RED','2013-04-28 06:29:56',6,'Joe',1127),(1291,103,'RED','2013-04-28 06:39:01',1,'David',1128),(1292,103,'BLUE','2013-04-28 06:39:01',2,'Edmond',1128),(1293,103,'BLUE','2013-04-28 06:39:01',3,'Mitchell',1128),(1294,103,'RED','2013-04-28 06:39:01',4,'Joe',1128),(1295,103,'RED','2013-04-28 06:39:01',5,'Ian',1128),(1296,103,'BLUE','2013-04-28 06:39:01',6,'Andrew',1128),(1297,103,'BLUE','2013-04-28 06:47:10',1,'Edmond',1129),(1298,103,'RED','2013-04-28 06:47:10',2,'Joe',1129),(1299,103,'RED','2013-04-28 06:47:10',3,'Ian',1129),(1300,103,'RED','2013-04-28 06:47:10',4,'David',1129),(1301,103,'BLUE','2013-04-28 06:47:10',5,'Andrew',1129),(1302,103,'BLUE','2013-04-28 06:47:10',6,'Mitchell',1129),(1303,103,'BLUE','2013-04-28 06:54:26',1,'Edmond',1130),(1304,103,'RED','2013-04-28 06:54:26',2,'Joe',1130),(1305,103,'RED','2013-04-28 06:54:26',3,'Ian',1130),(1306,103,'BLUE','2013-04-28 06:54:26',4,'Andrew',1130),(1307,103,'RED','2013-04-28 06:54:26',5,'David',1130),(1308,103,'BLUE','2013-04-28 06:54:26',6,'Mitchell',1130),(1309,103,'RED','2013-04-28 07:01:19',1,'Joe',1131),(1310,103,'BLUE','2013-04-28 07:01:19',2,'Edmond',1131),(1311,103,'RED','2013-04-28 07:01:19',3,'David',1131),(1312,103,'RED','2013-04-28 07:01:19',4,'Ian',1131),(1313,103,'BLUE','2013-04-28 07:01:19',5,'Mitchell',1131),(1314,103,'BLUE','2013-04-28 07:01:19',6,'Andrew',1131),(1315,103,'RED','2013-04-28 07:07:07',1,'Joe',1132),(1316,103,'BLUE','2013-04-28 07:07:07',2,'Edmond',1132),(1317,103,'RED','2013-04-28 07:07:07',3,'David',1132),(1318,103,'RED','2013-04-28 07:07:07',4,'Ian',1132),(1319,103,'BLUE','2013-04-28 07:07:07',5,'Mitchell',1132),(1320,103,'BLUE','2013-04-28 07:07:07',6,'Andrew',1132),(1321,104,'RED','2013-04-29 02:59:41',1,'Joe',1133),(1322,104,'RED','2013-04-29 02:59:41',2,'Joseph',1133),(1323,104,'BLUE','2013-04-29 02:59:41',3,'Ted',1133),(1324,104,'RED','2013-04-29 02:59:41',4,'Ian',1133),(1325,104,'BLUE','2013-04-29 02:59:41',5,'David',1133),(1326,104,'BLUE','2013-04-29 02:59:41',6,'Mitchell',1133),(1327,104,'RED','2013-04-29 03:06:10',1,'Joseph',1134),(1328,104,'BLUE','2013-04-29 03:06:10',2,'Ted',1134),(1329,104,'RED','2013-04-29 03:06:10',3,'Joe',1134),(1330,104,'RED','2013-04-29 03:06:10',4,'Ian',1134),(1331,104,'BLUE','2013-04-29 03:06:10',5,'David',1134),(1332,104,'BLUE','2013-04-29 03:06:10',6,'Mitchell',1134),(1333,104,'RED','2013-04-29 03:13:00',1,'Joe',1135),(1334,104,'RED','2013-04-29 03:13:00',2,'Joseph',1135),(1335,104,'BLUE','2013-04-29 03:13:00',3,'Ted',1135),(1336,104,'BLUE','2013-04-29 03:13:00',4,'David',1135),(1337,104,'BLUE','2013-04-29 03:13:00',5,'Mitchell',1135),(1338,104,'RED','2013-04-29 03:13:00',6,'Ian',1135),(1339,104,'RED','2013-04-29 03:20:58',1,'Joe',1136),(1340,104,'BLUE','2013-04-29 03:20:58',2,'Mitchell',1136),(1341,104,'RED','2013-04-29 03:20:58',3,'Ian',1136),(1342,104,'RED','2013-04-29 03:20:58',4,'Joseph',1136),(1343,104,'BLUE','2013-04-29 03:20:58',5,'Ted',1136),(1344,104,'BLUE','2013-04-29 03:20:58',6,'David',1136),(1345,104,'BLUE','2013-04-29 03:27:51',1,'David',1137),(1346,104,'RED','2013-04-29 03:27:51',2,'Joe',1137),(1347,104,'RED','2013-04-29 03:27:51',3,'Ian',1137),(1348,104,'RED','2013-04-29 03:27:51',4,'Joseph',1137),(1349,104,'BLUE','2013-04-29 03:27:51',5,'Mitchell',1137),(1350,104,'BLUE','2013-04-29 03:27:51',6,'Ted',1137),(1351,104,'BLUE','2013-04-29 03:33:43',1,'Mitchell',1138),(1352,104,'BLUE','2013-04-29 03:33:43',2,'David',1138),(1353,104,'RED','2013-04-29 03:33:43',3,'Joseph',1138),(1354,104,'RED','2013-04-29 03:33:43',4,'Ian',1138),(1355,104,'RED','2013-04-29 03:33:43',5,'Joe',1138),(1356,104,'BLUE','2013-04-29 03:33:43',6,'Ted',1138),(1357,104,'BLUE','2013-04-29 03:40:48',1,'Mitchell',1139),(1358,104,'RED','2013-04-29 03:40:48',2,'Ian',1139),(1359,104,'BLUE','2013-04-29 03:40:48',3,'David',1139),(1360,104,'RED','2013-04-29 03:40:48',4,'Joseph',1139),(1361,104,'RED','2013-04-29 03:40:48',5,'Joe',1139),(1362,104,'BLUE','2013-04-29 03:40:48',6,'Ted',1139),(1363,104,'RED','2013-04-29 03:46:09',1,'Joe',1140),(1364,104,'BLUE','2013-04-29 03:46:09',2,'Mitchell',1140),(1365,104,'RED','2013-04-29 03:46:09',3,'Joseph',1140),(1366,104,'RED','2013-04-29 03:46:09',4,'Ian',1140),(1367,104,'BLUE','2013-04-29 03:46:09',5,'Ted',1140),(1368,104,'BLUE','2013-04-29 03:46:09',6,'David',1140),(1369,104,'RED','2013-04-29 03:54:22',1,'Joe',1141),(1370,104,'RED','2013-04-29 03:54:22',2,'Joseph',1141),(1371,104,'BLUE','2013-04-29 03:54:22',3,'Mitchell',1141),(1372,104,'RED','2013-04-29 03:54:22',4,'Ian',1141),(1373,104,'BLUE','2013-04-29 03:54:22',5,'Ted',1141),(1374,104,'BLUE','2013-04-29 03:54:22',6,'David',1141),(1375,104,'BLUE','2013-04-29 03:58:25',1,'Ted',1142),(1376,104,'RED','2013-04-29 03:58:25',2,'Joe',1142),(1377,104,'RED','2013-04-29 03:58:25',3,'Joseph',1142),(1378,104,'RED','2013-04-29 03:58:25',4,'Ian',1142),(1379,104,'BLUE','2013-04-29 03:58:25',5,'David',1142),(1380,104,'BLUE','2013-04-29 03:58:25',6,'Mitchell',1142),(1381,104,'BLUE','2013-04-29 04:05:59',1,'Mitchell',1143),(1382,104,'RED','2013-04-29 04:05:59',2,'Joe',1143),(1383,104,'BLUE','2013-04-29 04:05:59',3,'Ted',1143),(1384,104,'RED','2013-04-29 04:05:59',4,'Joseph',1143),(1385,104,'RED','2013-04-29 04:05:59',5,'Ian',1143),(1386,104,'BLUE','2013-04-29 04:05:59',6,'David',1143),(1387,104,'BLUE','2013-04-29 04:14:10',1,'Ted',1144),(1388,104,'BLUE','2013-04-29 04:14:10',2,'Mitchell',1144),(1389,104,'BLUE','2013-04-29 04:14:10',3,'David',1144),(1390,104,'RED','2013-04-29 04:14:10',4,'Joseph',1144),(1391,104,'RED','2013-04-29 04:14:10',5,'Ian',1144),(1392,104,'RED','2013-04-29 04:14:10',6,'Joe',1144),(1393,104,'RED','2013-04-29 04:18:15',1,'Joe',1145),(1394,104,'BLUE','2013-04-29 04:18:15',2,'Ted',1145),(1395,104,'BLUE','2013-04-29 04:18:15',3,'David',1145),(1396,104,'BLUE','2013-04-29 04:18:15',4,'Mitchell',1145),(1397,104,'RED','2013-04-29 04:18:15',5,'Joseph',1145),(1398,104,'RED','2013-04-29 04:18:15',6,'Ian',1145),(1399,105,'BLUE','2013-04-29 04:26:47',1,'David',1146),(1400,105,'RED','2013-04-29 04:26:47',2,'Mitchell',1146),(1401,105,'RED','2013-04-29 04:26:47',3,'Joe',1146),(1402,105,'BLUE','2013-04-29 04:26:47',4,'Ian',1146),(1403,105,'RED','2013-04-29 04:26:47',5,'Joseph',1146),(1404,105,'BLUE','2013-04-29 04:26:47',6,'Ted',1146),(1405,105,'RED','2013-04-29 04:31:37',1,'Mitchell',1147),(1406,105,'RED','2013-04-29 04:31:37',2,'Joe',1147),(1407,105,'BLUE','2013-04-29 04:31:37',3,'Ian',1147),(1408,105,'RED','2013-04-29 04:31:37',4,'Joseph',1147),(1409,105,'BLUE','2013-04-29 04:31:37',5,'David',1147),(1410,105,'BLUE','2013-04-29 04:31:37',6,'Ted',1147),(1411,105,'RED','2013-04-29 04:36:58',1,'Joseph',1148),(1412,105,'RED','2013-04-29 04:36:58',2,'Mitchell',1148),(1413,105,'RED','2013-04-29 04:36:58',3,'Joe',1148),(1414,105,'BLUE','2013-04-29 04:36:58',4,'David',1148),(1415,105,'BLUE','2013-04-29 04:36:58',5,'Ian',1148),(1416,105,'BLUE','2013-04-29 04:36:58',6,'Ted',1148),(1417,105,'RED','2013-04-29 04:41:11',1,'Joseph',1149),(1418,105,'RED','2013-04-29 04:41:11',2,'Mitchell',1149),(1419,105,'RED','2013-04-29 04:41:11',3,'Joe',1149),(1420,105,'BLUE','2013-04-29 04:41:11',4,'David',1149),(1421,105,'BLUE','2013-04-29 04:41:11',5,'Ian',1149),(1422,105,'BLUE','2013-04-29 04:41:11',6,'Ted',1149),(1423,105,'RED','2013-04-29 04:49:02',1,'Mitchell',1150),(1424,105,'RED','2013-04-29 04:49:02',2,'Joe',1150),(1425,105,'BLUE','2013-04-29 04:49:02',3,'Ted',1150),(1426,105,'RED','2013-04-29 04:49:02',4,'Joseph',1150),(1427,105,'BLUE','2013-04-29 04:49:02',5,'David',1150),(1428,105,'BLUE','2013-04-29 04:49:02',6,'Ian',1150),(1429,105,'RED','2013-04-29 04:52:35',1,'Joseph',1151),(1430,105,'RED','2013-04-29 04:52:35',2,'Mitchell',1151),(1431,105,'RED','2013-04-29 04:52:35',3,'Joe',1151),(1432,105,'BLUE','2013-04-29 04:52:35',4,'David',1151),(1433,105,'BLUE','2013-04-29 04:52:35',5,'Ian',1151),(1434,105,'BLUE','2013-04-29 04:52:35',6,'Ted',1151),(1435,105,'RED','2013-04-29 04:57:13',1,'Joe',1152),(1436,105,'RED','2013-04-29 04:57:13',2,'Mitchell',1152),(1437,105,'RED','2013-04-29 04:57:13',3,'Joseph',1152),(1438,105,'BLUE','2013-04-29 04:57:13',4,'David',1152),(1439,105,'BLUE','2013-04-29 04:57:13',5,'Ian',1152),(1440,105,'BLUE','2013-04-29 04:57:13',6,'Ted',1152),(1441,106,'RED','2013-04-29 05:04:14',1,'Ted',1153),(1442,106,'BLUE','2013-04-29 05:04:14',2,'Joe',1153),(1443,106,'BLUE','2013-04-29 05:04:14',3,'David',1153),(1444,106,'RED','2013-04-29 05:04:14',4,'Joseph',1153),(1445,106,'RED','2013-04-29 05:04:14',5,'Ian',1153),(1446,106,'BLUE','2013-04-29 05:04:14',6,'Mitchell',1153),(1447,106,'BLUE','2013-04-29 05:10:36',1,'Joe',1154),(1448,106,'RED','2013-04-29 05:10:36',2,'Ian',1154),(1449,106,'BLUE','2013-04-29 05:10:36',3,'Mitchell',1154),(1450,106,'RED','2013-04-29 05:10:36',4,'Joseph',1154),(1451,106,'RED','2013-04-29 05:10:36',5,'Ted',1154),(1452,106,'BLUE','2013-04-29 05:10:36',6,'David',1154),(1453,106,'RED','2013-04-29 05:18:40',1,'Ted',1155),(1454,106,'BLUE','2013-04-29 05:18:40',2,'Joe',1155),(1455,106,'RED','2013-04-29 05:18:40',3,'Ian',1155),(1456,106,'RED','2013-04-29 05:18:40',4,'Joseph',1155),(1457,106,'BLUE','2013-04-29 05:18:40',5,'David',1155),(1458,106,'BLUE','2013-04-29 05:18:40',6,'Mitchell',1155),(1459,106,'RED','2013-04-29 05:23:53',1,'Ted',1156),(1460,106,'BLUE','2013-04-29 05:23:53',2,'Joe',1156),(1461,106,'BLUE','2013-04-29 05:23:53',3,'Mitchell',1156),(1462,106,'RED','2013-04-29 05:23:53',4,'Joseph',1156),(1463,106,'RED','2013-04-29 05:23:53',5,'Ian',1156),(1464,106,'BLUE','2013-04-29 05:23:53',6,'David',1156),(1465,106,'RED','2013-04-29 05:31:42',1,'Ted',1157),(1466,106,'BLUE','2013-04-29 05:31:42',2,'Joe',1157),(1467,106,'RED','2013-04-29 05:31:42',3,'Ian',1157),(1468,106,'RED','2013-04-29 05:31:42',4,'Joseph',1157),(1469,106,'BLUE','2013-04-29 05:31:42',5,'David',1157),(1470,106,'BLUE','2013-04-29 05:31:42',6,'Mitchell',1157),(1471,106,'BLUE','2013-04-29 05:42:47',1,'David',1158),(1472,106,'RED','2013-04-29 05:42:47',2,'Ted',1158),(1473,106,'BLUE','2013-04-29 05:42:47',3,'Joe',1158),(1474,106,'RED','2013-04-29 05:42:47',4,'Joseph',1158),(1475,106,'BLUE','2013-04-29 05:42:47',5,'Mitchell',1158),(1476,106,'RED','2013-04-29 05:42:47',6,'Ian',1158),(1477,106,'BLUE','2013-04-29 05:51:25',1,'David',1159),(1478,106,'RED','2013-04-29 05:51:25',2,'Ted',1159),(1479,106,'BLUE','2013-04-29 05:51:25',3,'Joe',1159),(1480,106,'BLUE','2013-04-29 05:51:25',4,'Mitchell',1159),(1481,106,'RED','2013-04-29 05:51:25',5,'Ian',1159),(1482,106,'RED','2013-04-29 05:51:25',6,'Joseph',1159),(1483,106,'RED','2013-04-29 05:57:50',1,'Joseph',1160),(1484,106,'BLUE','2013-04-29 05:57:50',2,'David',1160),(1485,106,'RED','2013-04-29 05:57:50',3,'Ted',1160),(1486,106,'BLUE','2013-04-29 05:57:50',4,'Joe',1160),(1487,106,'BLUE','2013-04-29 05:57:50',5,'Mitchell',1160),(1488,106,'RED','2013-04-29 05:57:50',6,'Ian',1160),(1489,106,'RED','2013-04-29 06:05:59',1,'Joseph',1161),(1490,106,'BLUE','2013-04-29 06:05:59',2,'Joe',1161),(1491,106,'BLUE','2013-04-29 06:05:59',3,'Mitchell',1161),(1492,106,'RED','2013-04-29 06:05:59',4,'Ian',1161),(1493,106,'BLUE','2013-04-29 06:05:59',5,'David',1161),(1494,106,'RED','2013-04-29 06:05:59',6,'Ted',1161),(1495,106,'BLUE','2013-04-29 06:13:15',1,'David',1162),(1496,106,'RED','2013-04-29 06:13:15',2,'Joseph',1162),(1497,106,'BLUE','2013-04-29 06:13:15',3,'Mitchell',1162),(1498,106,'RED','2013-04-29 06:13:15',4,'Ted',1162),(1499,106,'BLUE','2013-04-29 06:13:15',5,'Joe',1162),(1500,106,'RED','2013-04-29 06:13:15',6,'Ian',1162),(1501,106,'BLUE','2013-04-29 06:22:07',1,'Joe',1163),(1502,106,'RED','2013-04-29 06:22:07',2,'Ted',1163),(1503,106,'RED','2013-04-29 06:22:07',3,'Ian',1163),(1504,106,'BLUE','2013-04-29 06:22:07',4,'David',1163),(1505,106,'BLUE','2013-04-29 06:22:07',5,'Mitchell',1163),(1506,106,'RED','2013-04-29 06:22:07',6,'Joseph',1163),(1507,106,'BLUE','2013-04-29 06:26:39',1,'Mitchell',1164),(1508,106,'BLUE','2013-04-29 06:26:39',2,'Joe',1164),(1509,106,'RED','2013-04-29 06:26:39',3,'Joseph',1164),(1510,106,'BLUE','2013-04-29 06:26:39',4,'David',1164),(1511,106,'RED','2013-04-29 06:26:39',5,'Ted',1164),(1512,106,'RED','2013-04-29 06:26:39',6,'Ian',1164),(1513,106,'RED','2013-04-29 06:32:34',1,'Joseph',1165),(1514,106,'BLUE','2013-04-29 06:32:34',2,'Joe',1165),(1515,106,'RED','2013-04-29 06:32:34',3,'Ian',1165),(1516,106,'BLUE','2013-04-29 06:32:34',4,'Mitchell',1165),(1517,106,'BLUE','2013-04-29 06:32:34',5,'David',1165),(1518,106,'RED','2013-04-29 06:32:34',6,'Ted',1165),(1519,106,'BLUE','2013-04-29 06:35:32',1,'Joe',1166),(1520,106,'RED','2013-04-29 06:35:32',2,'Ian',1166),(1521,106,'RED','2013-04-29 06:35:32',3,'Ted',1166),(1522,106,'RED','2013-04-29 06:35:32',4,'Joseph',1166),(1523,106,'BLUE','2013-04-29 06:35:32',5,'David',1166),(1524,106,'BLUE','2013-04-29 06:35:32',6,'Mitchell',1166),(1525,107,'BLUE','2013-05-06 07:42:19',1,'David',1167),(1526,107,'BLUE','2013-05-06 07:42:19',2,'Joe',1167),(1527,107,'RED','2013-05-06 07:42:19',3,'Mitchell',1167),(1528,107,'RED','2013-05-06 07:42:19',4,'Ian',1167),(1529,107,'RED','2013-05-06 07:42:19',5,'Stanley',1167),(1530,107,'BLUE','2013-05-06 07:42:19',6,'Joseph',1167),(1531,107,'BLUE','2013-05-06 07:51:40',1,'Joe',1168),(1532,107,'BLUE','2013-05-06 07:51:40',2,'David',1168),(1533,107,'RED','2013-05-06 07:51:40',3,'Stanley',1168),(1534,107,'RED','2013-05-06 07:51:40',4,'Mitchell',1168),(1535,107,'BLUE','2013-05-06 07:51:40',5,'Joseph',1168),(1536,107,'RED','2013-05-06 07:51:40',6,'Ian',1168),(1537,107,'BLUE','2013-05-06 07:59:13',1,'Joe',1169),(1538,107,'RED','2013-05-06 07:59:13',2,'Stanley',1169),(1539,107,'RED','2013-05-06 07:59:13',3,'Mitchell',1169),(1540,107,'BLUE','2013-05-06 07:59:13',4,'David',1169),(1541,107,'BLUE','2013-05-06 07:59:13',5,'Joseph',1169),(1542,107,'RED','2013-05-06 07:59:13',6,'Ian',1169),(1543,107,'BLUE','2013-05-06 08:06:49',1,'David',1170),(1544,107,'RED','2013-05-06 08:06:49',2,'Ian',1170),(1545,107,'RED','2013-05-06 08:06:49',3,'Mitchell',1170),(1546,107,'BLUE','2013-05-06 08:06:49',4,'Joe',1170),(1547,107,'RED','2013-05-06 08:06:49',5,'Stanley',1170),(1548,107,'BLUE','2013-05-06 08:06:49',6,'Joseph',1170),(1549,107,'RED','2013-05-06 08:14:52',1,'Ian',1171),(1550,107,'RED','2013-05-06 08:14:52',2,'Stanley',1171),(1551,107,'BLUE','2013-05-06 08:14:52',3,'Joseph',1171),(1552,107,'RED','2013-05-06 08:14:52',4,'Mitchell',1171),(1553,107,'BLUE','2013-05-06 08:14:52',5,'David',1171),(1554,107,'BLUE','2013-05-06 08:14:52',6,'Joe',1171),(1555,107,'RED','2013-05-06 08:20:53',1,'Mitchell',1172),(1556,107,'RED','2013-05-06 08:20:53',2,'Stanley',1172),(1557,107,'RED','2013-05-06 08:20:53',3,'Ian',1172),(1558,107,'BLUE','2013-05-06 08:20:53',4,'Joe',1172),(1559,107,'BLUE','2013-05-06 08:20:53',5,'Joseph',1172),(1560,107,'BLUE','2013-05-06 08:20:53',6,'David',1172),(1561,107,'RED','2013-05-06 08:27:13',1,'Mitchell',1173),(1562,107,'RED','2013-05-06 08:27:13',2,'Stanley',1173),(1563,107,'RED','2013-05-06 08:27:13',3,'Ian',1173),(1564,107,'BLUE','2013-05-06 08:27:13',4,'Joe',1173),(1565,107,'BLUE','2013-05-06 08:27:13',5,'Joseph',1173),(1566,107,'BLUE','2013-05-06 08:27:13',6,'David',1173),(1567,107,'RED','2013-05-06 08:35:15',1,'Ian',1174),(1568,107,'RED','2013-05-06 08:35:15',2,'Mitchell',1174),(1569,107,'RED','2013-05-06 08:35:15',3,'Stanley',1174),(1570,107,'BLUE','2013-05-06 08:35:15',4,'Joe',1174),(1571,107,'BLUE','2013-05-06 08:35:15',5,'Joseph',1174),(1572,107,'BLUE','2013-05-06 08:35:15',6,'David',1174),(1573,107,'RED','2013-05-06 08:41:24',1,'Ian',1175),(1574,107,'RED','2013-05-06 08:41:24',2,'Stanley',1175),(1575,107,'RED','2013-05-06 08:41:24',3,'Mitchell',1175),(1576,107,'BLUE','2013-05-06 08:41:24',4,'David',1175),(1577,107,'BLUE','2013-05-06 08:41:24',5,'Joseph',1175),(1578,107,'BLUE','2013-05-06 08:41:24',6,'Joe',1175),(1579,108,'RED','2013-05-06 08:50:39',1,'Ian',1176),(1580,108,'BLUE','2013-05-06 08:50:39',2,'Mitchell',1176),(1581,108,'BLUE','2013-05-06 08:50:39',3,'David',1176),(1582,108,'BLUE','2013-05-06 08:50:39',4,'Joseph',1176),(1583,108,'RED','2013-05-06 08:50:39',5,'Stanley',1176),(1584,108,'RED','2013-05-06 08:50:39',6,'Joe',1176),(1585,108,'RED','2013-05-06 08:58:32',1,'Stanley',1177),(1586,108,'RED','2013-05-06 08:58:32',2,'Ian',1177),(1587,108,'BLUE','2013-05-06 08:58:32',3,'Mitchell',1177),(1588,108,'RED','2013-05-06 08:58:32',4,'Joe',1177),(1589,108,'BLUE','2013-05-06 08:58:32',5,'Joseph',1177),(1590,108,'BLUE','2013-05-06 08:58:32',6,'David',1177),(1591,108,'RED','2013-05-06 09:04:32',1,'Joe',1178),(1592,108,'BLUE','2013-05-06 09:04:32',2,'Mitchell',1178),(1593,108,'RED','2013-05-06 09:04:32',3,'Stanley',1178),(1594,108,'RED','2013-05-06 09:04:32',4,'Ian',1178),(1595,108,'BLUE','2013-05-06 09:04:32',5,'David',1178),(1596,108,'BLUE','2013-05-06 09:04:32',6,'Joseph',1178),(1597,108,'BLUE','2013-05-06 09:15:07',1,'Mitchell',1179),(1598,108,'RED','2013-05-06 09:15:07',2,'Ian',1179),(1599,108,'RED','2013-05-06 09:15:07',3,'Joe',1179),(1600,108,'BLUE','2013-05-06 09:15:07',4,'Joseph',1179),(1601,108,'BLUE','2013-05-06 09:15:07',5,'David',1179),(1602,108,'RED','2013-05-06 09:15:07',6,'Stanley',1179),(1603,108,'BLUE','2013-05-06 09:27:57',1,'Mitchell',1180),(1604,108,'RED','2013-05-06 09:27:57',2,'Ian',1180),(1605,108,'RED','2013-05-06 09:27:57',3,'Stanley',1180),(1606,108,'BLUE','2013-05-06 09:27:57',4,'Joseph',1180),(1607,108,'RED','2013-05-06 09:27:57',5,'Joe',1180),(1608,108,'BLUE','2013-05-06 09:27:57',6,'David',1180),(1609,108,'BLUE','2013-05-06 09:37:50',1,'David',1181),(1610,108,'RED','2013-05-06 09:37:50',2,'Joe',1181),(1611,108,'RED','2013-05-06 09:37:50',3,'Stanley',1181),(1612,108,'BLUE','2013-05-06 09:37:50',4,'Mitchell',1181),(1613,108,'BLUE','2013-05-06 09:37:50',5,'Joseph',1181),(1614,108,'RED','2013-05-06 09:37:50',6,'Ian',1181),(1615,108,'RED','2013-05-06 09:44:57',1,'Joe',1182),(1616,108,'BLUE','2013-05-06 09:44:57',2,'Mitchell',1182),(1617,108,'RED','2013-05-06 09:44:57',3,'Stanley',1182),(1618,108,'BLUE','2013-05-06 09:44:57',4,'Joseph',1182),(1619,108,'BLUE','2013-05-06 09:44:57',5,'David',1182),(1620,108,'RED','2013-05-06 09:44:57',6,'Ian',1182),(1621,108,'BLUE','2013-05-06 09:51:35',1,'Joseph',1183),(1622,108,'RED','2013-05-06 09:51:35',2,'Joe',1183),(1623,108,'BLUE','2013-05-06 09:51:35',3,'David',1183),(1624,108,'BLUE','2013-05-06 09:51:35',4,'Mitchell',1183),(1625,108,'RED','2013-05-06 09:51:35',5,'Stanley',1183),(1626,108,'RED','2013-05-06 09:51:35',6,'Ian',1183),(1627,108,'BLUE','2013-05-06 10:01:39',1,'Mitchell',1184),(1628,108,'BLUE','2013-05-06 10:01:39',2,'Joseph',1184),(1629,108,'BLUE','2013-05-06 10:01:39',3,'David',1184),(1630,108,'RED','2013-05-06 10:01:39',4,'Joe',1184),(1631,108,'RED','2013-05-06 10:01:39',5,'Stanley',1184),(1632,108,'RED','2013-05-06 10:01:39',6,'Ian',1184),(1633,108,'BLUE','2013-05-06 10:10:36',1,'Mitchell',1185),(1634,108,'BLUE','2013-05-06 10:10:36',2,'Joseph',1185),(1635,108,'BLUE','2013-05-06 10:10:36',3,'David',1185),(1636,108,'RED','2013-05-06 10:10:36',4,'Ian',1185),(1637,108,'RED','2013-05-06 10:10:36',5,'Stanley',1185),(1638,108,'RED','2013-05-06 10:10:36',6,'Joe',1185),(1639,108,'BLUE','2013-05-06 10:14:00',1,'Mitchell',1186),(1640,108,'RED','2013-05-06 10:14:00',2,'Ian',1186),(1641,108,'RED','2013-05-06 10:14:00',3,'Stanley',1186),(1642,108,'RED','2013-05-06 10:14:00',4,'Joe',1186),(1643,108,'BLUE','2013-05-06 10:14:00',5,'Joseph',1186),(1644,108,'BLUE','2013-05-06 10:14:00',6,'David',1186),(1645,109,'BLUE','2013-05-06 10:28:21',1,'Mitchell',1187),(1646,109,'RED','2013-05-06 10:28:21',2,'Joseph',1187),(1647,109,'BLUE','2013-05-06 10:28:21',3,'David',1187),(1648,109,'RED','2013-05-06 10:28:21',4,'Stanley',1187),(1649,109,'BLUE','2013-05-06 10:28:21',5,'Joe',1187),(1650,109,'RED','2013-05-06 10:28:21',6,'Ian',1187),(1651,109,'BLUE','2013-05-06 10:33:40',1,'Mitchell',1188),(1652,109,'BLUE','2013-05-06 10:33:40',2,'Joe',1188),(1653,109,'RED','2013-05-06 10:33:40',3,'Stanley',1188),(1654,109,'RED','2013-05-06 10:33:40',4,'Ian',1188),(1655,109,'BLUE','2013-05-06 10:33:40',5,'David',1188),(1656,109,'RED','2013-05-06 10:33:40',6,'Joseph',1188),(1657,109,'BLUE','2013-05-06 10:51:36',1,'David',1189),(1658,109,'BLUE','2013-05-06 10:51:36',2,'Mitchell',1189),(1659,109,'BLUE','2013-05-06 10:51:36',3,'Joe',1189),(1660,109,'RED','2013-05-06 10:51:36',4,'Joseph',1189),(1661,109,'RED','2013-05-06 10:51:36',5,'Ian',1189),(1662,109,'RED','2013-05-06 10:51:36',6,'Stanley',1189),(1663,109,'BLUE','2013-05-06 11:04:12',1,'Mitchell',1190),(1664,109,'BLUE','2013-05-06 11:04:12',2,'Joe',1190),(1665,109,'RED','2013-05-06 11:04:12',3,'Ian',1190),(1666,109,'BLUE','2013-05-06 11:04:12',4,'David',1190),(1667,109,'RED','2013-05-06 11:04:12',5,'Joseph',1190),(1668,109,'RED','2013-05-06 11:04:12',6,'Stanley',1190),(1669,109,'BLUE','2013-05-06 11:16:01',1,'David',1191),(1670,109,'RED','2013-05-06 11:16:01',2,'Joseph',1191),(1671,109,'BLUE','2013-05-06 11:16:01',3,'Mitchell',1191),(1672,109,'RED','2013-05-06 11:16:01',4,'Ian',1191),(1673,109,'BLUE','2013-05-06 11:16:01',5,'Joe',1191),(1674,109,'RED','2013-05-06 11:16:01',6,'Stanley',1191),(1675,109,'BLUE','2013-05-06 11:28:22',1,'David',1192),(1676,109,'BLUE','2013-05-06 11:28:22',2,'Mitchell',1192),(1677,109,'RED','2013-05-06 11:28:22',3,'Joseph',1192),(1678,109,'RED','2013-05-06 11:28:22',4,'Ian',1192),(1679,109,'BLUE','2013-05-06 11:28:22',5,'Joe',1192),(1680,109,'RED','2013-05-06 11:28:22',6,'Stanley',1192),(1681,109,'RED','2013-05-06 11:35:33',1,'Ian',1193),(1682,109,'BLUE','2013-05-06 11:35:33',2,'Mitchell',1193),(1683,109,'BLUE','2013-05-06 11:35:33',3,'Joe',1193),(1684,109,'RED','2013-05-06 11:35:33',4,'Stanley',1193),(1685,109,'BLUE','2013-05-06 11:35:33',5,'David',1193),(1686,109,'RED','2013-05-06 11:35:33',6,'Joseph',1193),(1687,109,'BLUE','2013-05-06 11:44:34',1,'Mitchell',1194),(1688,109,'RED','2013-05-06 11:44:34',2,'Ian',1194),(1689,109,'BLUE','2013-05-06 11:44:34',3,'David',1194),(1690,109,'BLUE','2013-05-06 11:44:34',4,'Joe',1194),(1691,109,'RED','2013-05-06 11:44:34',5,'Joseph',1194),(1692,109,'RED','2013-05-06 11:44:34',6,'Stanley',1194),(1693,109,'RED','2013-05-06 11:53:46',1,'Ian',1195),(1694,109,'BLUE','2013-05-06 11:53:46',2,'Mitchell',1195),(1695,109,'RED','2013-05-06 11:53:46',3,'Stanley',1195),(1696,109,'BLUE','2013-05-06 11:53:46',4,'Joe',1195),(1697,109,'BLUE','2013-05-06 11:53:46',5,'David',1195),(1698,109,'RED','2013-05-06 11:53:46',6,'Joseph',1195),(1699,109,'BLUE','2013-05-06 12:01:53',1,'Mitchell',1196),(1700,109,'RED','2013-05-06 12:01:53',2,'Stanley',1196),(1701,109,'RED','2013-05-06 12:01:53',3,'Ian',1196),(1702,109,'RED','2013-05-06 12:01:53',4,'Joseph',1196),(1703,109,'BLUE','2013-05-06 12:01:53',5,'David',1196),(1704,109,'BLUE','2013-05-06 12:01:53',6,'Joe',1196),(1705,110,'RED','2013-05-17 02:05:41',1,'David',1197),(1706,110,'BLUE','2013-05-17 02:05:41',2,'Stanley',1197),(1707,110,'RED','2013-05-17 02:05:41',3,'Ian',1197),(1708,110,'RED','2013-05-17 02:05:41',4,'Mitchell',1197),(1709,110,'BLUE','2013-05-17 02:05:41',5,'Joseph',1197),(1710,110,'BLUE','2013-05-17 02:05:41',6,'Joe',1197),(1711,110,'RED','2013-05-17 02:14:31',1,'David',1198),(1712,110,'BLUE','2013-05-17 02:14:31',2,'Joe',1198),(1713,110,'BLUE','2013-05-17 02:14:31',3,'Joseph',1198),(1714,110,'RED','2013-05-17 02:14:31',4,'Ian',1198),(1715,110,'BLUE','2013-05-17 02:14:31',5,'Stanley',1198),(1716,110,'RED','2013-05-17 02:14:31',6,'Mitchell',1198),(1717,110,'RED','2013-05-17 02:22:14',1,'David',1199),(1718,110,'BLUE','2013-05-17 02:22:14',2,'Joe',1199),(1719,110,'BLUE','2013-05-17 02:22:14',3,'Joseph',1199),(1720,110,'RED','2013-05-17 02:22:14',4,'Ian',1199),(1721,110,'BLUE','2013-05-17 02:22:14',5,'Stanley',1199),(1722,110,'RED','2013-05-17 02:22:14',6,'Mitchell',1199),(1723,110,'BLUE','2013-05-17 02:33:27',1,'Joseph',1200),(1724,110,'RED','2013-05-17 02:33:27',2,'Ian',1200),(1725,110,'RED','2013-05-17 02:33:27',3,'David',1200),(1726,110,'BLUE','2013-05-17 02:33:27',4,'Joe',1200),(1727,110,'BLUE','2013-05-17 02:33:27',5,'Stanley',1200),(1728,110,'RED','2013-05-17 02:33:27',6,'Mitchell',1200),(1729,110,'BLUE','2013-05-17 02:41:39',1,'Joseph',1201),(1730,110,'RED','2013-05-17 02:41:39',2,'David',1201),(1731,110,'BLUE','2013-05-17 02:41:39',3,'Stanley',1201),(1732,110,'RED','2013-05-17 02:41:39',4,'Mitchell',1201),(1733,110,'BLUE','2013-05-17 02:41:39',5,'Joe',1201),(1734,110,'RED','2013-05-17 02:41:39',6,'Ian',1201),(1735,110,'BLUE','2013-05-17 02:51:16',1,'Stanley',1202),(1736,110,'RED','2013-05-17 02:51:16',2,'Mitchell',1202),(1737,110,'BLUE','2013-05-17 02:51:16',3,'Joseph',1202),(1738,110,'BLUE','2013-05-17 02:51:16',4,'Joe',1202),(1739,110,'RED','2013-05-17 02:51:16',5,'Ian',1202),(1740,110,'RED','2013-05-17 02:51:16',6,'David',1202),(1741,110,'RED','2013-05-17 02:55:22',1,'David',1203),(1742,110,'BLUE','2013-05-17 02:55:22',2,'Joseph',1203),(1743,110,'RED','2013-05-17 02:55:22',3,'Ian',1203),(1744,110,'BLUE','2013-05-17 02:55:22',4,'Stanley',1203),(1745,110,'RED','2013-05-17 02:55:22',5,'Mitchell',1203),(1746,110,'BLUE','2013-05-17 02:55:22',6,'Joe',1203),(1747,110,'BLUE','2013-05-17 03:05:50',1,'Joseph',1204),(1748,110,'RED','2013-05-17 03:05:50',2,'Mitchell',1204),(1749,110,'RED','2013-05-17 03:05:50',3,'Ian',1204),(1750,110,'BLUE','2013-05-17 03:05:50',4,'Stanley',1204),(1751,110,'RED','2013-05-17 03:05:50',5,'David',1204),(1752,110,'BLUE','2013-05-17 03:05:50',6,'Joe',1204),(1759,110,'BLUE','2013-05-17 03:15:58',1,'Stanley',1206),(1760,110,'RED','2013-05-17 03:15:58',2,'Mitchell',1206),(1761,110,'RED','2013-05-17 03:15:58',3,'David',1206),(1762,110,'BLUE','2013-05-17 03:15:58',4,'Joseph',1206),(1763,110,'BLUE','2013-05-17 03:15:58',5,'Joe',1206),(1764,110,'RED','2013-05-17 03:15:58',6,'Ian',1206),(1765,110,'BLUE','2013-05-17 03:19:39',1,'Stanley',1207),(1766,110,'BLUE','2013-05-17 03:19:39',2,'Joseph',1207),(1767,110,'RED','2013-05-17 03:19:39',3,'Ian',1207),(1768,110,'RED','2013-05-17 03:19:39',4,'Mitchell',1207),(1769,110,'RED','2013-05-17 03:19:39',5,'David',1207),(1770,110,'BLUE','2013-05-17 03:19:39',6,'Joe',1207),(1771,110,'BLUE','2013-05-17 03:25:00',1,'Stanley',1208),(1772,110,'BLUE','2013-05-17 03:25:00',2,'Joseph',1208),(1773,110,'BLUE','2013-05-17 03:25:00',3,'Joe',1208),(1774,110,'RED','2013-05-17 03:25:00',4,'Ian',1208),(1775,110,'RED','2013-05-17 03:25:00',5,'David',1208),(1776,110,'RED','2013-05-17 03:25:00',6,'Mitchell',1208),(1777,111,'BLUE','2013-05-17 03:32:04',1,'David',1209),(1778,111,'BLUE','2013-05-17 03:32:04',2,'Joe',1209),(1779,111,'RED','2013-05-17 03:32:04',3,'Joseph',1209),(1780,111,'RED','2013-05-17 03:32:04',4,'Ian',1209),(1781,111,'RED','2013-05-17 03:32:04',5,'Mitchell',1209),(1782,111,'BLUE','2013-05-17 03:32:04',6,'Stanley',1209),(1783,111,'BLUE','2013-05-17 03:40:54',1,'David',1210),(1784,111,'BLUE','2013-05-17 03:40:54',2,'Joe',1210),(1785,111,'RED','2013-05-17 03:40:54',3,'Joseph',1210),(1786,111,'RED','2013-05-17 03:40:54',4,'Ian',1210),(1787,111,'BLUE','2013-05-17 03:40:54',5,'Stanley',1210),(1788,111,'RED','2013-05-17 03:40:54',6,'Mitchell',1210),(1789,111,'RED','2013-05-17 03:50:02',1,'Joseph',1211),(1790,111,'BLUE','2013-05-17 03:50:02',2,'Joe',1211),(1791,111,'RED','2013-05-17 03:50:02',3,'Mitchell',1211),(1792,111,'BLUE','2013-05-17 03:50:02',4,'David',1211),(1793,111,'BLUE','2013-05-17 03:50:02',5,'Stanley',1211),(1794,111,'RED','2013-05-17 03:50:02',6,'Ian',1211),(1795,111,'RED','2013-05-17 03:58:35',1,'Mitchell',1212),(1796,111,'BLUE','2013-05-17 03:58:35',2,'Joe',1212),(1797,111,'RED','2013-05-17 03:58:35',3,'Ian',1212),(1798,111,'BLUE','2013-05-17 03:58:35',4,'Stanley',1212),(1799,111,'RED','2013-05-17 03:58:35',5,'Joseph',1212),(1800,111,'BLUE','2013-05-17 03:58:35',6,'David',1212),(1801,111,'BLUE','2013-05-17 04:09:13',1,'Joe',1213),(1802,111,'BLUE','2013-05-17 04:09:13',2,'Stanley',1213),(1803,111,'RED','2013-05-17 04:09:13',3,'Mitchell',1213),(1804,111,'BLUE','2013-05-17 04:09:13',4,'David',1213),(1805,111,'RED','2013-05-17 04:09:13',5,'Ian',1213),(1806,111,'RED','2013-05-17 04:09:13',6,'Joseph',1213),(1807,111,'BLUE','2013-05-17 04:19:17',1,'Stanley',1214),(1808,111,'BLUE','2013-05-17 04:19:17',2,'Joe',1214),(1809,111,'RED','2013-05-17 04:19:17',3,'Ian',1214),(1810,111,'RED','2013-05-17 04:19:17',4,'Joseph',1214),(1811,111,'BLUE','2013-05-17 04:19:17',5,'David',1214),(1812,111,'RED','2013-05-17 04:19:17',6,'Mitchell',1214),(1813,111,'BLUE','2013-05-17 04:28:34',1,'Stanley',1215),(1814,111,'BLUE','2013-05-17 04:28:34',2,'Joe',1215),(1815,111,'BLUE','2013-05-17 04:28:34',3,'David',1215),(1816,111,'RED','2013-05-17 04:28:34',4,'Ian',1215),(1817,111,'RED','2013-05-17 04:28:34',5,'Mitchell',1215),(1818,111,'RED','2013-05-17 04:28:34',6,'Joseph',1215),(1819,111,'BLUE','2013-05-17 04:33:38',1,'Stanley',1216),(1820,111,'BLUE','2013-05-17 04:33:38',2,'Joe',1216),(1821,111,'BLUE','2013-05-17 04:33:38',3,'David',1216),(1822,111,'RED','2013-05-17 04:33:38',4,'Ian',1216),(1823,111,'RED','2013-05-17 04:33:38',5,'Mitchell',1216),(1824,111,'RED','2013-05-17 04:33:38',6,'Joseph',1216),(1825,111,'BLUE','2013-05-17 04:40:24',1,'Joe',1217),(1826,111,'RED','2013-05-17 04:40:24',2,'Ian',1217),(1827,111,'RED','2013-05-17 04:40:24',3,'Mitchell',1217),(1828,111,'RED','2013-05-17 04:40:24',4,'Joseph',1217),(1829,111,'BLUE','2013-05-17 04:40:24',5,'Stanley',1217),(1830,111,'BLUE','2013-05-17 04:40:24',6,'David',1217),(1831,111,'BLUE','2013-05-17 04:46:23',1,'Stanley',1218),(1832,111,'RED','2013-05-17 04:46:23',2,'Ian',1218),(1833,111,'RED','2013-05-17 04:46:23',3,'Joseph',1218),(1834,111,'RED','2013-05-17 04:46:23',4,'Mitchell',1218),(1835,111,'BLUE','2013-05-17 04:46:23',5,'Joe',1218),(1836,111,'BLUE','2013-05-17 04:46:23',6,'David',1218),(1837,112,'RED','2013-05-17 04:54:38',1,'Stanley',1219),(1838,112,'BLUE','2013-05-17 04:54:38',2,'Joseph',1219),(1839,112,'BLUE','2013-05-17 04:54:38',3,'Joe',1219),(1840,112,'BLUE','2013-05-17 04:54:38',4,'David',1219),(1841,112,'RED','2013-05-17 04:54:38',5,'Mitchell',1219),(1842,112,'RED','2013-05-17 04:54:38',6,'Ian',1219),(1843,112,'RED','2013-05-17 05:03:54',1,'Stanley',1220),(1844,112,'BLUE','2013-05-17 05:03:54',2,'David',1220),(1845,112,'BLUE','2013-05-17 05:03:54',3,'Joe',1220),(1846,112,'BLUE','2013-05-17 05:03:54',4,'Joseph',1220),(1847,112,'RED','2013-05-17 05:03:54',5,'Ian',1220),(1848,112,'RED','2013-05-17 05:03:54',6,'Mitchell',1220),(1849,112,'BLUE','2013-05-17 05:12:51',1,'David',1221),(1850,112,'RED','2013-05-17 05:12:51',2,'Mitchell',1221),(1851,112,'BLUE','2013-05-17 05:12:51',3,'Joseph',1221),(1852,112,'RED','2013-05-17 05:12:51',4,'Stanley',1221),(1853,112,'BLUE','2013-05-17 05:12:51',5,'Joe',1221),(1854,112,'RED','2013-05-17 05:12:51',6,'Ian',1221),(1855,112,'BLUE','2013-05-17 05:20:53',1,'David',1222),(1856,112,'RED','2013-05-17 05:20:53',2,'Mitchell',1222),(1857,112,'RED','2013-05-17 05:20:53',3,'Ian',1222),(1858,112,'BLUE','2013-05-17 05:20:53',4,'Joe',1222),(1859,112,'BLUE','2013-05-17 05:20:53',5,'Joseph',1222),(1860,112,'RED','2013-05-17 05:20:53',6,'Stanley',1222),(1861,112,'RED','2013-05-17 05:29:15',1,'Ian',1223),(1862,112,'BLUE','2013-05-17 05:29:15',2,'David',1223),(1863,112,'BLUE','2013-05-17 05:29:15',3,'Joseph',1223),(1864,112,'RED','2013-05-17 05:29:15',4,'Stanley',1223),(1865,112,'BLUE','2013-05-17 05:29:15',5,'Joe',1223),(1866,112,'RED','2013-05-17 05:29:15',6,'Mitchell',1223),(1867,112,'BLUE','2013-05-17 05:37:22',1,'David',1224),(1868,112,'BLUE','2013-05-17 05:37:22',2,'Joe',1224),(1869,112,'RED','2013-05-17 05:37:22',3,'Mitchell',1224),(1870,112,'BLUE','2013-05-17 05:37:22',4,'Joseph',1224),(1871,112,'RED','2013-05-17 05:37:22',5,'Ian',1224),(1872,112,'RED','2013-05-17 05:37:22',6,'Stanley',1224),(1873,112,'BLUE','2013-05-17 05:48:51',1,'Joe',1225),(1874,112,'RED','2013-05-17 05:48:51',2,'Ian',1225),(1875,112,'BLUE','2013-05-17 05:48:51',3,'Joseph',1225),(1876,112,'RED','2013-05-17 05:48:51',4,'Stanley',1225),(1877,112,'BLUE','2013-05-17 05:48:51',5,'David',1225),(1878,112,'RED','2013-05-17 05:48:51',6,'Mitchell',1225),(1879,112,'BLUE','2013-05-17 06:00:05',1,'Joe',1226),(1880,112,'RED','2013-05-17 06:00:05',2,'Ian',1226),(1881,112,'BLUE','2013-05-17 06:00:05',3,'David',1226),(1882,112,'BLUE','2013-05-17 06:00:05',4,'Joseph',1226),(1883,112,'RED','2013-05-17 06:00:05',5,'Mitchell',1226),(1884,112,'RED','2013-05-17 06:00:05',6,'Stanley',1226),(1885,112,'RED','2013-05-17 06:07:55',1,'Stanley',1227),(1886,112,'BLUE','2013-05-17 06:07:55',2,'Joe',1227),(1887,112,'BLUE','2013-05-17 06:07:55',3,'Joseph',1227),(1888,112,'RED','2013-05-17 06:07:55',4,'Ian',1227),(1889,112,'RED','2013-05-17 06:07:55',5,'Mitchell',1227),(1890,112,'BLUE','2013-05-17 06:07:55',6,'David',1227),(1891,112,'RED','2013-05-17 06:14:01',1,'Stanley',1228),(1892,112,'BLUE','2013-05-17 06:14:01',2,'David',1228),(1893,112,'RED','2013-05-17 06:14:01',3,'Ian',1228),(1894,112,'RED','2013-05-17 06:14:01',4,'Mitchell',1228),(1895,112,'BLUE','2013-05-17 06:14:01',5,'Joseph',1228),(1896,112,'BLUE','2013-05-17 06:14:01',6,'Joe',1228),(1897,112,'RED','2013-05-17 06:22:27',1,'Stanley',1229),(1898,112,'BLUE','2013-05-17 06:22:27',2,'Joseph',1229),(1899,112,'BLUE','2013-05-17 06:22:27',3,'David',1229),(1900,112,'BLUE','2013-05-17 06:22:27',4,'Joe',1229),(1901,112,'RED','2013-05-17 06:22:27',5,'Mitchell',1229),(1902,112,'RED','2013-05-17 06:22:27',6,'Ian',1229),(1903,112,'RED','2013-05-17 06:33:44',1,'Ian',1230),(1904,112,'BLUE','2013-05-17 06:33:44',2,'Joseph',1230),(1905,112,'RED','2013-05-17 06:33:44',3,'Mitchell',1230),(1906,112,'BLUE','2013-05-17 06:33:44',4,'Joe',1230),(1907,112,'BLUE','2013-05-17 06:33:44',5,'David',1230),(1908,112,'RED','2013-05-17 06:33:44',6,'Stanley',1230),(1909,112,'RED','2013-05-17 06:40:19',1,'Ian',1231),(1910,112,'BLUE','2013-05-17 06:40:19',2,'Joseph',1231),(1911,112,'RED','2013-05-17 06:40:19',3,'Mitchell',1231),(1912,112,'RED','2013-05-17 06:40:19',4,'Stanley',1231),(1913,112,'BLUE','2013-05-17 06:40:19',5,'Joe',1231),(1914,112,'BLUE','2013-05-17 06:40:19',6,'David',1231),(1915,113,'RED','2013-05-19 04:15:58',1,'Ian',1232),(1916,113,'BLUE','2013-05-19 04:15:58',2,'Joe',1232),(1917,113,'BLUE','2013-05-19 04:15:58',3,'Mitchell',1232),(1918,113,'BLUE','2013-05-19 04:15:58',4,'Ted',1232),(1919,113,'RED','2013-05-19 04:15:58',5,'Adrian',1232),(1920,113,'RED','2013-05-19 04:15:58',6,'Joseph',1232),(1921,113,'RED','2013-05-19 04:26:17',1,'Ian',1233),(1922,113,'RED','2013-05-19 04:26:17',2,'Joseph',1233),(1923,113,'BLUE','2013-05-19 04:26:17',3,'Joe',1233),(1924,113,'BLUE','2013-05-19 04:26:17',4,'Mitchell',1233),(1925,113,'RED','2013-05-19 04:26:17',5,'Adrian',1233),(1926,113,'BLUE','2013-05-19 04:26:17',6,'Ted',1233),(1927,113,'RED','2013-05-19 04:35:41',1,'Ian',1234),(1928,113,'RED','2013-05-19 04:35:41',2,'Adrian',1234),(1929,113,'BLUE','2013-05-19 04:35:41',3,'Mitchell',1234),(1930,113,'RED','2013-05-19 04:35:41',4,'Joseph',1234),(1931,113,'BLUE','2013-05-19 04:35:41',5,'Joe',1234),(1932,113,'BLUE','2013-05-19 04:35:41',6,'Ted',1234),(1933,113,'BLUE','2013-05-19 04:45:41',1,'Ted',1235),(1934,113,'RED','2013-05-19 04:45:41',2,'Ian',1235),(1935,113,'RED','2013-05-19 04:45:41',3,'Adrian',1235),(1936,113,'RED','2013-05-19 04:45:41',4,'Joseph',1235),(1937,113,'BLUE','2013-05-19 04:45:41',5,'Joe',1235),(1938,113,'BLUE','2013-05-19 04:45:41',6,'Mitchell',1235),(1939,113,'RED','2013-05-19 04:54:21',1,'Adrian',1236),(1940,113,'BLUE','2013-05-19 04:54:21',2,'Ted',1236),(1941,113,'RED','2013-05-19 04:54:21',3,'Ian',1236),(1942,113,'RED','2013-05-19 04:54:21',4,'Joseph',1236),(1943,113,'BLUE','2013-05-19 04:54:21',5,'Mitchell',1236),(1944,113,'BLUE','2013-05-19 04:54:21',6,'Joe',1236),(1945,113,'RED','2013-05-19 05:01:45',1,'Adrian',1237),(1946,113,'BLUE','2013-05-19 05:01:45',2,'Mitchell',1237),(1947,113,'BLUE','2013-05-19 05:01:45',3,'Ted',1237),(1948,113,'RED','2013-05-19 05:01:45',4,'Ian',1237),(1949,113,'RED','2013-05-19 05:01:45',5,'Joseph',1237),(1950,113,'BLUE','2013-05-19 05:01:45',6,'Joe',1237),(1951,113,'RED','2013-05-19 05:08:34',1,'Joseph',1238),(1952,113,'RED','2013-05-19 05:08:34',2,'Adrian',1238),(1953,113,'BLUE','2013-05-19 05:08:34',3,'Ted',1238),(1954,113,'BLUE','2013-05-19 05:08:34',4,'Joe',1238),(1955,113,'BLUE','2013-05-19 05:08:34',5,'Mitchell',1238),(1956,113,'RED','2013-05-19 05:08:34',6,'Ian',1238),(1957,113,'BLUE','2013-05-19 05:18:33',1,'Mitchell',1239),(1958,113,'RED','2013-05-19 05:18:33',2,'Joseph',1239),(1959,113,'RED','2013-05-19 05:18:33',3,'Adrian',1239),(1960,113,'BLUE','2013-05-19 05:18:33',4,'Joe',1239),(1961,113,'RED','2013-05-19 05:18:33',5,'Ian',1239),(1962,113,'BLUE','2013-05-19 05:18:33',6,'Ted',1239),(1963,113,'RED','2013-05-19 05:25:41',1,'Adrian',1240),(1964,113,'RED','2013-05-19 05:25:41',2,'Joseph',1240),(1965,113,'BLUE','2013-05-19 05:25:41',3,'Mitchell',1240),(1966,113,'BLUE','2013-05-19 05:25:41',4,'Joe',1240),(1967,113,'BLUE','2013-05-19 05:25:41',5,'Ted',1240),(1968,113,'RED','2013-05-19 05:25:41',6,'Ian',1240),(1969,113,'RED','2013-05-19 05:32:48',1,'Adrian',1241),(1970,113,'RED','2013-05-19 05:32:48',2,'Joseph',1241),(1971,113,'BLUE','2013-05-19 05:32:48',3,'Mitchell',1241),(1972,113,'RED','2013-05-19 05:32:48',4,'Ian',1241),(1973,113,'BLUE','2013-05-19 05:32:48',5,'Joe',1241),(1974,113,'BLUE','2013-05-19 05:32:48',6,'Ted',1241),(1975,113,'BLUE','2013-05-19 05:45:30',1,'Joe',1242),(1976,113,'BLUE','2013-05-19 05:45:30',2,'Mitchell',1242),(1977,113,'RED','2013-05-19 05:45:30',3,'Adrian',1242),(1978,113,'RED','2013-05-19 05:45:30',4,'Joseph',1242),(1979,113,'RED','2013-05-19 05:45:30',5,'Ian',1242),(1980,113,'BLUE','2013-05-19 05:45:30',6,'Ted',1242),(1981,113,'BLUE','2013-05-19 05:55:05',1,'Joe',1243),(1982,113,'BLUE','2013-05-19 05:55:05',2,'Mitchell',1243),(1983,113,'RED','2013-05-19 05:55:05',3,'Adrian',1243),(1984,113,'RED','2013-05-19 05:55:05',4,'Ian',1243),(1985,113,'RED','2013-05-19 05:55:05',5,'Joseph',1243),(1986,113,'BLUE','2013-05-19 05:55:05',6,'Ted',1243),(1987,114,'BLUE','2013-05-19 06:07:04',1,'Joe',1244),(1988,114,'RED','2013-05-19 06:07:04',2,'Ted',1244),(1989,114,'BLUE','2013-05-19 06:07:04',3,'Ian',1244),(1990,114,'BLUE','2013-05-19 06:07:04',4,'Mitchell',1244),(1991,114,'RED','2013-05-19 06:07:04',5,'Adrian',1244),(1992,114,'RED','2013-05-19 06:07:04',6,'Joseph',1244),(1993,114,'RED','2013-05-19 06:15:57',1,'Joseph',1245),(1994,114,'BLUE','2013-05-19 06:15:57',2,'Mitchell',1245),(1995,114,'RED','2013-05-19 06:15:57',3,'Ted',1245),(1996,114,'BLUE','2013-05-19 06:15:57',4,'Joe',1245),(1997,114,'BLUE','2013-05-19 06:15:57',5,'Ian',1245),(1998,114,'RED','2013-05-19 06:15:57',6,'Adrian',1245),(1999,114,'RED','2013-05-19 06:21:45',1,'Ted',1246),(2000,114,'RED','2013-05-19 06:21:45',2,'Joseph',1246),(2001,114,'BLUE','2013-05-19 06:21:45',3,'Mitchell',1246),(2002,114,'BLUE','2013-05-19 06:21:45',4,'Joe',1246),(2003,114,'RED','2013-05-19 06:21:45',5,'Adrian',1246),(2004,114,'BLUE','2013-05-19 06:21:45',6,'Ian',1246),(2005,114,'RED','2013-05-19 06:28:17',1,'Ted',1247),(2006,114,'RED','2013-05-19 06:28:17',2,'Joseph',1247),(2007,114,'RED','2013-05-19 06:28:17',3,'Adrian',1247),(2008,114,'BLUE','2013-05-19 06:28:17',4,'Ian',1247),(2009,114,'BLUE','2013-05-19 06:28:17',5,'Joe',1247),(2010,114,'BLUE','2013-05-19 06:28:17',6,'Mitchell',1247),(2011,114,'BLUE','2013-05-19 06:34:19',1,'Mitchell',1248),(2012,114,'RED','2013-05-19 06:34:19',2,'Joseph',1248),(2013,114,'RED','2013-05-19 06:34:19',3,'Ted',1248),(2014,114,'RED','2013-05-19 06:34:19',4,'Adrian',1248),(2015,114,'BLUE','2013-05-19 06:34:19',5,'Ian',1248),(2016,114,'BLUE','2013-05-19 06:34:19',6,'Joe',1248),(2017,114,'RED','2013-05-19 06:44:41',1,'Adrian',1249),(2018,114,'BLUE','2013-05-19 06:44:41',2,'Joe',1249),(2019,114,'BLUE','2013-05-19 06:44:41',3,'Ian',1249),(2020,114,'BLUE','2013-05-19 06:44:41',4,'Mitchell',1249),(2021,114,'RED','2013-05-19 06:44:41',5,'Joseph',1249),(2022,114,'RED','2013-05-19 06:44:41',6,'Ted',1249),(2023,114,'RED','2013-05-19 06:49:46',1,'Adrian',1250),(2024,114,'BLUE','2013-05-19 06:49:46',2,'Ian',1250),(2025,114,'BLUE','2013-05-19 06:49:46',3,'Mitchell',1250),(2026,114,'BLUE','2013-05-19 06:49:46',4,'Joe',1250),(2027,114,'RED','2013-05-19 06:49:46',5,'Joseph',1250),(2028,114,'RED','2013-05-19 06:49:46',6,'Ted',1250),(2029,114,'BLUE','2013-05-19 07:11:26',1,'Joe',1251),(2030,114,'BLUE','2013-05-19 07:11:26',2,'Ian',1251),(2031,114,'RED','2013-05-19 07:11:26',3,'Adrian',1251),(2032,114,'RED','2013-05-19 07:11:26',4,'Ted',1251),(2033,114,'BLUE','2013-05-19 07:11:26',5,'Mitchell',1251),(2034,114,'RED','2013-05-19 07:11:26',6,'Joseph',1251),(2035,114,'BLUE','2013-05-19 07:18:27',1,'Mitchell',1252),(2036,114,'RED','2013-05-19 07:18:27',2,'Ted',1252),(2037,114,'BLUE','2013-05-19 07:18:27',3,'Ian',1252),(2038,114,'BLUE','2013-05-19 07:18:27',4,'Joe',1252),(2039,114,'RED','2013-05-19 07:18:27',5,'Adrian',1252),(2040,114,'RED','2013-05-19 07:18:27',6,'Joseph',1252),(2041,114,'BLUE','2013-05-19 07:25:49',1,'Mitchell',1253),(2042,114,'BLUE','2013-05-19 07:25:49',2,'Ian',1253),(2043,114,'RED','2013-05-19 07:25:49',3,'Ted',1253),(2044,114,'BLUE','2013-05-19 07:25:49',4,'Joe',1253),(2045,114,'RED','2013-05-19 07:25:49',5,'Adrian',1253),(2046,114,'RED','2013-05-19 07:25:49',6,'Joseph',1253),(2047,114,'BLUE','2013-05-19 07:31:09',1,'Ian',1254),(2048,114,'BLUE','2013-05-19 07:31:09',2,'Joe',1254),(2049,114,'BLUE','2013-05-19 07:31:09',3,'Mitchell',1254),(2050,114,'RED','2013-05-19 07:31:09',4,'Adrian',1254),(2051,114,'RED','2013-05-19 07:31:09',5,'Joseph',1254),(2052,114,'RED','2013-05-19 07:31:09',6,'Ted',1254),(2053,114,'BLUE','2013-05-19 07:35:34',1,'Joe',1255),(2054,114,'BLUE','2013-05-19 07:35:34',2,'Mitchell',1255),(2055,114,'RED','2013-05-19 07:35:34',3,'Adrian',1255),(2056,114,'RED','2013-05-19 07:35:34',4,'Joseph',1255),(2057,114,'RED','2013-05-19 07:35:34',5,'Ted',1255),(2058,114,'BLUE','2013-05-19 07:35:34',6,'Ian',1255),(2059,115,'BLUE','2013-05-19 07:44:11',1,'Ian',1256),(2060,115,'BLUE','2013-05-19 07:44:11',2,'Ted',1256),(2061,115,'RED','2013-05-19 07:44:11',3,'Joseph',1256),(2062,115,'BLUE','2013-05-19 07:44:11',4,'Joe',1256),(2063,115,'RED','2013-05-19 07:44:11',5,'Adrian',1256),(2064,115,'RED','2013-05-19 07:44:11',6,'Mitchell',1256),(2065,115,'BLUE','2013-05-19 07:50:36',1,'Ian',1257),(2066,115,'BLUE','2013-05-19 07:50:36',2,'Joe',1257),(2067,115,'BLUE','2013-05-19 07:50:36',3,'Ted',1257),(2068,115,'RED','2013-05-19 07:50:36',4,'Joseph',1257),(2069,115,'RED','2013-05-19 07:50:36',5,'Mitchell',1257),(2070,115,'RED','2013-05-19 07:50:36',6,'Adrian',1257),(2071,115,'BLUE','2013-05-19 07:55:28',1,'Ted',1258),(2072,115,'BLUE','2013-05-19 07:55:28',2,'Joe',1258),(2073,115,'BLUE','2013-05-19 07:55:28',3,'Ian',1258),(2074,115,'RED','2013-05-19 07:55:28',4,'Adrian',1258),(2075,115,'RED','2013-05-19 07:55:28',5,'Mitchell',1258),(2076,115,'RED','2013-05-19 07:55:28',6,'Joseph',1258),(2077,115,'RED','2013-05-19 08:03:02',1,'Mitchell',1259),(2078,115,'BLUE','2013-05-19 08:03:02',2,'Joe',1259),(2079,115,'BLUE','2013-05-19 08:03:02',3,'Ted',1259),(2080,115,'BLUE','2013-05-19 08:03:02',4,'Ian',1259),(2081,115,'RED','2013-05-19 08:03:02',5,'Adrian',1259),(2082,115,'RED','2013-05-19 08:03:02',6,'Joseph',1259),(2083,115,'BLUE','2013-05-19 08:11:30',1,'Ted',1260),(2084,115,'BLUE','2013-05-19 08:11:30',2,'Joe',1260),(2085,115,'RED','2013-05-19 08:11:30',3,'Joseph',1260),(2086,115,'BLUE','2013-05-19 08:11:30',4,'Ian',1260),(2087,115,'RED','2013-05-19 08:11:30',5,'Adrian',1260),(2088,115,'RED','2013-05-19 08:11:30',6,'Mitchell',1260),(2089,115,'BLUE','2013-05-19 08:16:37',1,'Ted',1261),(2090,115,'BLUE','2013-05-19 08:16:37',2,'Joe',1261),(2091,115,'BLUE','2013-05-19 08:16:37',3,'Ian',1261),(2092,115,'RED','2013-05-19 08:16:37',4,'Adrian',1261),(2093,115,'RED','2013-05-19 08:16:37',5,'Mitchell',1261),(2094,115,'RED','2013-05-19 08:16:37',6,'Joseph',1261),(2095,115,'BLUE','2013-05-19 08:21:19',1,'Joe',1262),(2096,115,'BLUE','2013-05-19 08:21:19',2,'Ted',1262),(2097,115,'BLUE','2013-05-19 08:21:19',3,'Ian',1262),(2098,115,'RED','2013-05-19 08:21:19',4,'Adrian',1262),(2099,115,'RED','2013-05-19 08:21:19',5,'Mitchell',1262),(2100,115,'RED','2013-05-19 08:21:19',6,'Joseph',1262),(2101,116,'RED','2013-05-24 03:37:32',1,'Ian',1263),(2102,116,'BLUE','2013-05-24 03:37:32',2,'Stanley',1263),(2103,116,'RED','2013-05-24 03:37:32',3,'Jacky',1263),(2104,116,'BLUE','2013-05-24 03:37:32',4,'David',1263),(2105,116,'BLUE','2013-05-24 03:37:32',5,'Mitchell',1263),(2106,116,'RED','2013-05-24 03:37:32',6,'Joe',1263),(2107,116,'BLUE','2013-05-24 03:43:21',1,'Mitchell',1264),(2108,116,'RED','2013-05-24 03:43:21',2,'Ian',1264),(2109,116,'BLUE','2013-05-24 03:43:21',3,'Stanley',1264),(2110,116,'RED','2013-05-24 03:43:21',4,'Joe',1264),(2111,116,'RED','2013-05-24 03:43:21',5,'Jacky',1264),(2112,116,'BLUE','2013-05-24 03:43:21',6,'David',1264),(2113,116,'BLUE','2013-05-24 03:48:01',1,'Mitchell',1265),(2114,116,'BLUE','2013-05-24 03:48:01',2,'Stanley',1265),(2115,116,'BLUE','2013-05-24 03:48:01',3,'David',1265),(2116,116,'RED','2013-05-24 03:48:01',4,'Jacky',1265),(2117,116,'RED','2013-05-24 03:48:01',5,'Ian',1265),(2118,116,'RED','2013-05-24 03:48:01',6,'Joe',1265),(2119,116,'BLUE','2013-05-24 03:57:16',1,'David',1266),(2120,116,'BLUE','2013-05-24 03:57:16',2,'Mitchell',1266),(2121,116,'RED','2013-05-24 03:57:16',3,'Ian',1266),(2122,116,'BLUE','2013-05-24 03:57:16',4,'Stanley',1266),(2123,116,'RED','2013-05-24 03:57:16',5,'Joe',1266),(2124,116,'RED','2013-05-24 03:57:16',6,'Jacky',1266),(2125,116,'BLUE','2013-05-24 04:07:09',1,'Stanley',1267),(2126,116,'RED','2013-05-24 04:07:09',2,'Joe',1267),(2127,116,'BLUE','2013-05-24 04:07:09',3,'Mitchell',1267),(2128,116,'RED','2013-05-24 04:07:09',4,'Ian',1267),(2129,116,'BLUE','2013-05-24 04:07:09',5,'David',1267),(2130,116,'RED','2013-05-24 04:07:09',6,'Jacky',1267),(2131,116,'BLUE','2013-05-24 04:12:28',1,'Stanley',1268),(2132,116,'RED','2013-05-24 04:12:28',2,'Jacky',1268),(2133,116,'RED','2013-05-24 04:12:28',3,'Ian',1268),(2134,116,'RED','2013-05-24 04:12:28',4,'Joe',1268),(2135,116,'BLUE','2013-05-24 04:12:28',5,'David',1268),(2136,116,'BLUE','2013-05-24 04:12:28',6,'Mitchell',1268),(2137,116,'RED','2013-05-24 04:18:25',1,'Joe',1269),(2138,116,'RED','2013-05-24 04:18:25',2,'Ian',1269),(2139,116,'BLUE','2013-05-24 04:18:25',3,'Stanley',1269),(2140,116,'RED','2013-05-24 04:18:25',4,'Jacky',1269),(2141,116,'BLUE','2013-05-24 04:18:25',5,'David',1269),(2142,116,'BLUE','2013-05-24 04:18:25',6,'Mitchell',1269),(2143,116,'RED','2013-05-24 04:26:09',1,'Ian',1270),(2144,116,'BLUE','2013-05-24 04:26:09',2,'David',1270),(2145,116,'RED','2013-05-24 04:26:09',3,'Jacky',1270),(2146,116,'RED','2013-05-24 04:26:09',4,'Joe',1270),(2147,116,'BLUE','2013-05-24 04:26:09',5,'Mitchell',1270),(2148,116,'BLUE','2013-05-24 04:26:09',6,'Stanley',1270),(2149,116,'RED','2013-05-24 04:32:37',1,'Ian',1271),(2150,116,'RED','2013-05-24 04:32:37',2,'Joe',1271),(2151,116,'BLUE','2013-05-24 04:32:37',3,'Stanley',1271),(2152,116,'BLUE','2013-05-24 04:32:37',4,'Mitchell',1271),(2153,116,'BLUE','2013-05-24 04:32:37',5,'David',1271),(2154,116,'RED','2013-05-24 04:32:37',6,'Jacky',1271),(2155,116,'RED','2013-05-24 04:46:07',1,'Jacky',1272),(2156,116,'RED','2013-05-24 04:46:07',2,'Joe',1272),(2157,116,'BLUE','2013-05-24 04:46:07',3,'Stanley',1272),(2158,116,'BLUE','2013-05-24 04:46:07',4,'David',1272),(2159,116,'RED','2013-05-24 04:46:07',5,'Ian',1272),(2160,116,'BLUE','2013-05-24 04:46:07',6,'Mitchell',1272),(2161,116,'RED','2013-05-24 04:53:38',1,'Joe',1273),(2162,116,'RED','2013-05-24 04:53:38',2,'Jacky',1273),(2163,116,'BLUE','2013-05-24 04:53:38',3,'Stanley',1273),(2164,116,'RED','2013-05-24 04:53:38',4,'Ian',1273),(2165,116,'BLUE','2013-05-24 04:53:38',5,'David',1273),(2166,116,'BLUE','2013-05-24 04:53:38',6,'Mitchell',1273),(2167,116,'RED','2013-05-24 05:00:49',1,'Jacky',1274),(2168,116,'RED','2013-05-24 05:00:49',2,'Joe',1274),(2169,116,'BLUE','2013-05-24 05:00:49',3,'Stanley',1274),(2170,116,'RED','2013-05-24 05:00:49',4,'Ian',1274),(2171,116,'BLUE','2013-05-24 05:00:49',5,'David',1274),(2172,116,'BLUE','2013-05-24 05:00:49',6,'Mitchell',1274),(2173,116,'BLUE','2013-05-24 05:10:06',1,'Stanley',1275),(2174,116,'RED','2013-05-24 05:10:06',2,'Jacky',1275),(2175,116,'RED','2013-05-24 05:10:06',3,'Joe',1275),(2176,116,'BLUE','2013-05-24 05:10:06',4,'Mitchell',1275),(2177,116,'RED','2013-05-24 05:10:06',5,'Ian',1275),(2178,116,'BLUE','2013-05-24 05:10:06',6,'David',1275),(2179,116,'RED','2013-05-24 05:12:44',1,'Jacky',1276),(2180,116,'BLUE','2013-05-24 05:12:44',2,'David',1276),(2181,116,'BLUE','2013-05-24 05:12:44',3,'Stanley',1276),(2182,116,'RED','2013-05-24 05:12:44',4,'Joe',1276),(2183,116,'BLUE','2013-05-24 05:12:44',5,'Mitchell',1276),(2184,116,'RED','2013-05-24 05:12:44',6,'Ian',1276),(2185,117,'BLUE','2013-05-24 05:21:01',1,'Jacky',1277),(2186,117,'RED','2013-05-24 05:21:01',2,'Mitchell',1277),(2187,117,'BLUE','2013-05-24 05:21:01',3,'Stanley',1277),(2188,117,'RED','2013-05-24 05:21:01',4,'Joe',1277),(2189,117,'BLUE','2013-05-24 05:21:01',5,'David',1277),(2190,117,'RED','2013-05-24 05:21:01',6,'Ian',1277),(2191,117,'BLUE','2013-05-24 05:27:41',1,'David',1278),(2192,117,'BLUE','2013-05-24 05:27:41',2,'Jacky',1278),(2193,117,'RED','2013-05-24 05:27:41',3,'Joe',1278),(2194,117,'RED','2013-05-24 05:27:41',4,'Mitchell',1278),(2195,117,'RED','2013-05-24 05:27:41',5,'Ian',1278),(2196,117,'BLUE','2013-05-24 05:27:41',6,'Stanley',1278),(2197,117,'RED','2013-05-24 05:35:46',1,'Mitchell',1279),(2198,117,'RED','2013-05-24 05:35:46',2,'Joe',1279),(2199,117,'RED','2013-05-24 05:35:46',3,'Ian',1279),(2200,117,'BLUE','2013-05-24 05:35:46',4,'Jacky',1279),(2201,117,'BLUE','2013-05-24 05:35:46',5,'David',1279),(2202,117,'BLUE','2013-05-24 05:35:46',6,'Stanley',1279),(2203,117,'RED','2013-05-24 05:40:53',1,'Mitchell',1280),(2204,117,'RED','2013-05-24 05:40:53',2,'Ian',1280),(2205,117,'RED','2013-05-24 05:40:53',3,'Joe',1280),(2206,117,'BLUE','2013-05-24 05:40:53',4,'Jacky',1280),(2207,117,'BLUE','2013-05-24 05:40:53',5,'David',1280),(2208,117,'BLUE','2013-05-24 05:40:53',6,'Stanley',1280),(2209,117,'RED','2013-05-24 05:46:48',1,'Mitchell',1281),(2210,117,'RED','2013-05-24 05:46:48',2,'Ian',1281),(2211,117,'RED','2013-05-24 05:46:48',3,'Joe',1281),(2212,117,'BLUE','2013-05-24 05:46:48',4,'Jacky',1281),(2213,117,'BLUE','2013-05-24 05:46:48',5,'David',1281),(2214,117,'BLUE','2013-05-24 05:46:48',6,'Stanley',1281),(2215,117,'RED','2013-05-24 05:51:54',1,'Mitchell',1282),(2216,117,'RED','2013-05-24 05:51:54',2,'Ian',1282),(2217,117,'RED','2013-05-24 05:51:54',3,'Joe',1282),(2218,117,'BLUE','2013-05-24 05:51:54',4,'Jacky',1282),(2219,117,'BLUE','2013-05-24 05:51:54',5,'David',1282),(2220,117,'BLUE','2013-05-24 05:51:54',6,'Stanley',1282),(2221,117,'RED','2013-05-24 05:55:49',1,'Mitchell',1283),(2222,117,'RED','2013-05-24 05:55:49',2,'Ian',1283),(2223,117,'RED','2013-05-24 05:55:49',3,'Joe',1283),(2224,117,'BLUE','2013-05-24 05:55:49',4,'Jacky',1283),(2225,117,'BLUE','2013-05-24 05:55:49',5,'David',1283),(2226,117,'BLUE','2013-05-24 05:55:49',6,'Stanley',1283),(2227,118,'RED','2013-05-24 06:09:37',1,'Mitchell',1284),(2228,118,'RED','2013-05-24 06:09:37',2,'Jacky',1284),(2229,118,'BLUE','2013-05-24 06:09:37',3,'Stanley',1284),(2230,118,'RED','2013-05-24 06:09:37',4,'Ian',1284),(2231,118,'BLUE','2013-05-24 06:09:37',5,'Joe',1284),(2232,118,'BLUE','2013-05-24 06:09:37',6,'David',1284),(2233,118,'RED','2013-05-24 06:12:10',1,'Jacky',1285),(2234,118,'BLUE','2013-05-24 06:12:10',2,'David',1285),(2235,118,'RED','2013-05-24 06:12:10',3,'Mitchell',1285),(2236,118,'RED','2013-05-24 06:12:10',4,'Ian',1285),(2237,118,'BLUE','2013-05-24 06:12:10',5,'Joe',1285),(2238,118,'BLUE','2013-05-24 06:12:10',6,'Stanley',1285),(2239,118,'BLUE','2013-05-24 06:24:40',1,'David',1286),(2240,118,'BLUE','2013-05-24 06:24:40',2,'Joe',1286),(2241,118,'RED','2013-05-24 06:24:40',3,'Jacky',1286),(2242,118,'BLUE','2013-05-24 06:24:40',4,'Stanley',1286),(2243,118,'RED','2013-05-24 06:24:40',5,'Mitchell',1286),(2244,118,'RED','2013-05-24 06:24:40',6,'Ian',1286),(2245,118,'BLUE','2013-05-24 06:31:54',1,'David',1287),(2246,118,'BLUE','2013-05-24 06:31:54',2,'Joe',1287),(2247,118,'RED','2013-05-24 06:31:54',3,'Mitchell',1287),(2248,118,'BLUE','2013-05-24 06:31:54',4,'Stanley',1287),(2249,118,'RED','2013-05-24 06:31:54',5,'Jacky',1287),(2250,118,'RED','2013-05-24 06:31:54',6,'Ian',1287),(2251,118,'RED','2013-05-24 06:38:16',1,'Ian',1288),(2252,118,'BLUE','2013-05-24 06:38:16',2,'Joe',1288),(2253,118,'RED','2013-05-24 06:38:16',3,'Jacky',1288),(2254,118,'BLUE','2013-05-24 06:38:16',4,'David',1288),(2255,118,'BLUE','2013-05-24 06:38:16',5,'Stanley',1288),(2256,118,'RED','2013-05-24 06:38:16',6,'Mitchell',1288),(2257,118,'BLUE','2013-05-24 06:47:17',1,'Joe',1289),(2258,118,'RED','2013-05-24 06:47:17',2,'Jacky',1289),(2259,118,'BLUE','2013-05-24 06:47:17',3,'David',1289),(2260,118,'BLUE','2013-05-24 06:47:17',4,'Stanley',1289),(2261,118,'RED','2013-05-24 06:47:17',5,'Mitchell',1289),(2262,118,'RED','2013-05-24 06:47:17',6,'Ian',1289),(2263,118,'BLUE','2013-05-24 06:54:52',1,'Joe',1290),(2264,118,'RED','2013-05-24 06:54:52',2,'Mitchell',1290),(2265,118,'BLUE','2013-05-24 06:54:52',3,'David',1290),(2266,118,'RED','2013-05-24 06:54:52',4,'Jacky',1290),(2267,118,'BLUE','2013-05-24 06:54:52',5,'Stanley',1290),(2268,118,'RED','2013-05-24 06:54:52',6,'Ian',1290),(2269,118,'BLUE','2013-05-24 07:00:48',1,'Joe',1291),(2270,118,'BLUE','2013-05-24 07:00:48',2,'Stanley',1291),(2271,118,'RED','2013-05-24 07:00:48',3,'Jacky',1291),(2272,118,'RED','2013-05-24 07:00:48',4,'Mitchell',1291),(2273,118,'BLUE','2013-05-24 07:00:48',5,'David',1291),(2274,118,'RED','2013-05-24 07:00:48',6,'Ian',1291),(2275,118,'BLUE','2013-05-24 07:06:37',1,'David',1292),(2276,118,'BLUE','2013-05-24 07:06:37',2,'Stanley',1292),(2277,118,'RED','2013-05-24 07:06:37',3,'Mitchell',1292),(2278,118,'RED','2013-05-24 07:06:37',4,'Jacky',1292),(2279,118,'RED','2013-05-24 07:06:37',5,'Ian',1292),(2280,118,'BLUE','2013-05-24 07:06:37',6,'Joe',1292),(2281,118,'RED','2013-05-24 07:15:27',1,'Mitchell',1293),(2282,118,'BLUE','2013-05-24 07:15:27',2,'David',1293),(2283,118,'RED','2013-05-24 07:15:27',3,'Jacky',1293),(2284,118,'BLUE','2013-05-24 07:15:27',4,'Joe',1293),(2285,118,'BLUE','2013-05-24 07:15:27',5,'Stanley',1293),(2286,118,'RED','2013-05-24 07:15:27',6,'Ian',1293),(2287,118,'RED','2013-05-24 07:23:18',1,'Mitchell',1294),(2288,118,'BLUE','2013-05-24 07:23:18',2,'David',1294),(2289,118,'RED','2013-05-24 07:23:18',3,'Jacky',1294),(2290,118,'BLUE','2013-05-24 07:23:18',4,'Stanley',1294),(2291,118,'BLUE','2013-05-24 07:23:18',5,'Joe',1294),(2292,118,'RED','2013-05-24 07:23:18',6,'Ian',1294),(2293,118,'BLUE','2013-05-24 07:30:18',1,'David',1295),(2294,118,'BLUE','2013-05-24 07:30:18',2,'Stanley',1295),(2295,118,'RED','2013-05-24 07:30:18',3,'Mitchell',1295),(2296,118,'BLUE','2013-05-24 07:30:18',4,'Joe',1295),(2297,118,'RED','2013-05-24 07:30:18',5,'Jacky',1295),(2298,118,'RED','2013-05-24 07:30:18',6,'Ian',1295),(2299,118,'RED','2013-05-24 07:32:54',1,'Jacky',1296),(2300,118,'BLUE','2013-05-24 07:32:54',2,'Stanley',1296),(2301,118,'RED','2013-05-24 07:32:54',3,'Mitchell',1296),(2302,118,'RED','2013-05-24 07:32:54',4,'Ian',1296),(2303,118,'BLUE','2013-05-24 07:32:54',5,'Joe',1296),(2304,118,'BLUE','2013-05-24 07:32:54',6,'David',1296),(2305,119,'RED','2013-05-29 03:46:27',1,'Joe',1297),(2306,119,'RED','2013-05-29 03:46:27',2,'Joseph',1297),(2307,119,'BLUE','2013-05-29 03:46:27',3,'Ian',1297),(2308,119,'BLUE','2013-05-29 03:46:27',4,'Jacky',1297),(2309,119,'RED','2013-05-29 03:46:27',5,'Ted',1297),(2310,119,'BLUE','2013-05-29 03:46:27',6,'Edmond',1297),(2311,119,'RED','2013-05-29 03:52:46',1,'Ted',1298),(2312,119,'RED','2013-05-29 03:52:46',2,'Joseph',1298),(2313,119,'BLUE','2013-05-29 03:52:46',3,'Edmond',1298),(2314,119,'RED','2013-05-29 03:52:46',4,'Joe',1298),(2315,119,'BLUE','2013-05-29 03:52:46',5,'Ian',1298),(2316,119,'BLUE','2013-05-29 03:52:46',6,'Jacky',1298),(2317,119,'RED','2013-05-29 03:57:42',1,'Ted',1299),(2318,119,'RED','2013-05-29 03:57:42',2,'Joseph',1299),(2319,119,'RED','2013-05-29 03:57:42',3,'Joe',1299),(2320,119,'BLUE','2013-05-29 03:57:42',4,'Jacky',1299),(2321,119,'BLUE','2013-05-29 03:57:42',5,'Ian',1299),(2322,119,'BLUE','2013-05-29 03:57:42',6,'Edmond',1299),(2323,119,'RED','2013-05-29 04:04:27',1,'Joe',1300),(2324,119,'BLUE','2013-05-29 04:04:27',2,'Ian',1300),(2325,119,'RED','2013-05-29 04:04:27',3,'Joseph',1300),(2326,119,'RED','2013-05-29 04:04:27',4,'Ted',1300),(2327,119,'BLUE','2013-05-29 04:04:27',5,'Edmond',1300),(2328,119,'BLUE','2013-05-29 04:04:27',6,'Jacky',1300),(2329,119,'RED','2013-05-29 04:12:13',1,'Joe',1301),(2330,119,'BLUE','2013-05-29 04:12:13',2,'Ian',1301),(2331,119,'RED','2013-05-29 04:12:13',3,'Ted',1301),(2332,119,'BLUE','2013-05-29 04:12:13',4,'Edmond',1301),(2333,119,'BLUE','2013-05-29 04:12:13',5,'Jacky',1301),(2334,119,'RED','2013-05-29 04:12:13',6,'Joseph',1301),(2335,119,'RED','2013-05-29 04:19:30',1,'Ted',1302),(2336,119,'BLUE','2013-05-29 04:19:30',2,'Edmond',1302),(2337,119,'BLUE','2013-05-29 04:19:30',3,'Ian',1302),(2338,119,'BLUE','2013-05-29 04:19:30',4,'Jacky',1302),(2339,119,'RED','2013-05-29 04:19:30',5,'Joseph',1302),(2340,119,'RED','2013-05-29 04:19:30',6,'Joe',1302),(2341,119,'BLUE','2013-05-29 04:26:05',1,'Edmond',1303),(2342,119,'RED','2013-05-29 04:26:05',2,'Ted',1303),(2343,119,'BLUE','2013-05-29 04:26:05',3,'Jacky',1303),(2344,119,'BLUE','2013-05-29 04:26:05',4,'Ian',1303),(2345,119,'RED','2013-05-29 04:26:05',5,'Joseph',1303),(2346,119,'RED','2013-05-29 04:26:05',6,'Joe',1303),(2347,119,'BLUE','2013-05-29 04:32:23',1,'Edmond',1304),(2348,119,'BLUE','2013-05-29 04:32:23',2,'Ian',1304),(2349,119,'RED','2013-05-29 04:32:23',3,'Joseph',1304),(2350,119,'BLUE','2013-05-29 04:32:23',4,'Jacky',1304),(2351,119,'RED','2013-05-29 04:32:23',5,'Joe',1304),(2352,119,'RED','2013-05-29 04:32:23',6,'Ted',1304),(2353,119,'BLUE','2013-05-29 04:38:42',1,'Edmond',1305),(2354,119,'BLUE','2013-05-29 04:38:42',2,'Ian',1305),(2355,119,'BLUE','2013-05-29 04:38:42',3,'Jacky',1305),(2356,119,'RED','2013-05-29 04:38:42',4,'Joe',1305),(2357,119,'RED','2013-05-29 04:38:42',5,'Joseph',1305),(2358,119,'RED','2013-05-29 04:38:42',6,'Ted',1305),(2359,119,'BLUE','2013-05-29 04:43:29',1,'Ian',1306),(2360,119,'BLUE','2013-05-29 04:43:29',2,'Edmond',1306),(2361,119,'RED','2013-05-29 04:43:29',3,'Joe',1306),(2362,119,'BLUE','2013-05-29 04:43:29',4,'Jacky',1306),(2363,119,'RED','2013-05-29 04:43:29',5,'Joseph',1306),(2364,119,'RED','2013-05-29 04:43:29',6,'Ted',1306),(2365,119,'BLUE','2013-05-29 04:54:58',1,'Ian',1307),(2366,119,'RED','2013-05-29 04:54:58',2,'Joseph',1307),(2367,119,'BLUE','2013-05-29 04:54:58',3,'Edmond',1307),(2368,119,'BLUE','2013-05-29 04:54:58',4,'Jacky',1307),(2369,119,'RED','2013-05-29 04:54:58',5,'Joe',1307),(2370,119,'RED','2013-05-29 04:54:58',6,'Ted',1307),(2371,119,'RED','2013-05-29 05:03:26',1,'Ted',1308),(2372,119,'BLUE','2013-05-29 05:03:26',2,'Ian',1308),(2373,119,'RED','2013-05-29 05:03:26',3,'Joseph',1308),(2374,119,'BLUE','2013-05-29 05:03:26',4,'Jacky',1308),(2375,119,'BLUE','2013-05-29 05:03:26',5,'Edmond',1308),(2376,119,'RED','2013-05-29 05:03:26',6,'Joe',1308),(2377,119,'RED','2013-05-29 05:10:51',1,'Ted',1309),(2378,119,'BLUE','2013-05-29 05:10:51',2,'Edmond',1309),(2379,119,'BLUE','2013-05-29 05:10:51',3,'Ian',1309),(2380,119,'BLUE','2013-05-29 05:10:51',4,'Jacky',1309),(2381,119,'RED','2013-05-29 05:10:51',5,'Joseph',1309),(2382,119,'RED','2013-05-29 05:10:51',6,'Joe',1309),(2383,119,'RED','2013-05-29 05:15:52',1,'Ted',1310),(2384,119,'BLUE','2013-05-29 05:15:52',2,'Edmond',1310),(2385,119,'RED','2013-05-29 05:15:52',3,'Joseph',1310),(2386,119,'RED','2013-05-29 05:15:52',4,'Joe',1310),(2387,119,'BLUE','2013-05-29 05:15:52',5,'Ian',1310),(2388,119,'BLUE','2013-05-29 05:15:52',6,'Jacky',1310);
/*!40000 ALTER TABLE `player_score` ENABLE KEYS */;
UNLOCK TABLES;

--
-- Table structure for table `players`
--

DROP TABLE IF EXISTS `players`;
/*!40101 SET @saved_cs_client     = @@character_set_client */;
/*!40101 SET character_set_client = utf8 */;
CREATE TABLE `players` (
  `player_name` varchar(200) NOT NULL,
  `points` varchar(45) DEFAULT '0',
  `games_won` int(11) DEFAULT '0',
  `games_played` int(11) DEFAULT '0',
  `gravatar_email` varchar(200) DEFAULT NULL,
  PRIMARY KEY (`player_name`),
  UNIQUE KEY `name_UNIQUE` (`player_name`)
) ENGINE=InnoDB DEFAULT CHARSET=latin1;
/*!40101 SET character_set_client = @saved_cs_client */;

--
-- Dumping data for table `players`
--

LOCK TABLES `players` WRITE;
/*!40000 ALTER TABLE `players` DISABLE KEYS */;
INSERT INTO `players` VALUES ('Adrian','0',0,0,'cliafrai@10minutemail.co.za'),('Andrew','0',0,0,'b349851@rmqkr.net'),('David','0',0,0,'davidliang520@gmail.com'),('Edmond','0',0,0,'edszeto89@hotmail.com'),('Ian','0',0,0,'ci7253@zoaxe.com'),('Jacky','0',0,0,'b350447@rmqkr.net'),('Joe','0',0,0,'jhuang@live.ca'),('Joseph','0',0,0,'b350158@rmqkr.net'),('Mitchell','0',0,0,'c690137@rmqkr.net'),('Stanley','0',0,0,'stan_man25@hotmail.com'),('Ted','0',0,0,'ted_huang88@hotmail.com');
/*!40000 ALTER TABLE `players` ENABLE KEYS */;
UNLOCK TABLES;

--
-- Table structure for table `game_score`
--

DROP TABLE IF EXISTS `game_score`;
/*!40101 SET @saved_cs_client     = @@character_set_client */;
/*!40101 SET character_set_client = utf8 */;
CREATE TABLE `game_score` (
  `score_id` int(11) NOT NULL AUTO_INCREMENT,
  `game_id` int(11) DEFAULT NULL,
  `score_red_team` varchar(45) DEFAULT '0',
  `score_blue_team` varchar(45) DEFAULT '0',
  `timestamp` timestamp NULL DEFAULT CURRENT_TIMESTAMP,
  PRIMARY KEY (`score_id`),
  KEY `game_id` (`game_id`),
  CONSTRAINT `game_id` FOREIGN KEY (`game_id`) REFERENCES `games` (`game_id`) ON DELETE CASCADE ON UPDATE CASCADE
) ENGINE=InnoDB AUTO_INCREMENT=1311 DEFAULT CHARSET=latin1;
/*!40101 SET character_set_client = @saved_cs_client */;

--
-- Dumping data for table `game_score`
--

LOCK TABLES `game_score` WRITE;
/*!40000 ALTER TABLE `game_score` DISABLE KEYS */;
INSERT INTO `game_score` VALUES (27,3,'4','3','2012-12-24 11:34:36'),(28,3,'5','0','2012-12-24 11:34:52'),(29,3,'0','10','2012-12-24 11:34:56'),(30,3,'5','2','2012-12-24 11:35:01'),(31,3,'10','0','2012-12-24 11:35:06'),(32,3,'5','0','2012-12-24 11:35:12'),(33,3,'10','0','2012-12-24 11:35:16'),(34,3,'5','2','2012-12-24 11:35:20'),(35,3,'5','0','2012-12-24 11:35:24'),(36,3,'10','0','2012-12-24 11:35:29'),(37,4,'2','5','2012-12-24 12:35:47'),(38,4,'5','2','2012-12-24 12:35:55'),(40,4,'10','0','2012-12-24 12:36:17'),(41,4,'5','2','2012-12-24 12:36:31'),(42,4,'5','2','2012-12-24 12:36:38'),(43,4,'2','5','2012-12-24 12:36:44'),(44,4,'3','4','2012-12-24 12:36:49'),(45,4,'2','5','2012-12-24 12:36:56'),(46,4,'4','3','2012-12-24 12:38:43'),(47,4,'0','10','2012-12-24 12:38:54'),(48,4,'2','5','2012-12-24 12:39:00'),(49,4,'0','5','2012-12-24 12:39:07'),(50,4,'3','4','2012-12-24 12:39:18'),(51,5,'2','5','2012-12-25 06:26:00'),(52,5,'3','4','2012-12-25 06:32:48'),(53,5,'10','0','2012-12-25 06:36:36'),(54,5,'4','3','2012-12-25 06:41:49'),(55,5,'3','4','2012-12-25 06:47:52'),(56,5,'2','5','2012-12-25 06:57:35'),(57,5,'10','0','2012-12-25 06:57:59'),(58,5,'10','0','2012-12-25 06:58:04'),(59,5,'10','0','2012-12-25 06:58:11'),(60,7,'4','3','2012-12-31 08:20:06'),(61,7,'2','5','2012-12-31 08:26:27'),(62,7,'2','5','2012-12-31 08:31:31'),(63,7,'0','10','2012-12-31 08:36:10'),(64,7,'3','4','2012-12-31 08:40:55'),(65,7,'2','5','2012-12-31 08:47:28'),(68,7,'3','4','2012-12-31 08:55:31'),(70,7,'3','4','2012-12-31 09:01:19'),(71,7,'5','2','2012-12-31 09:04:31'),(73,7,'5','2','2012-12-31 09:10:00'),(74,7,'5','2','2012-12-31 09:14:02'),(75,7,'2','5','2012-12-31 09:18:47'),(76,8,'5','0','2012-12-31 09:25:27'),(77,8,'5','0','2012-12-31 09:30:08'),(78,8,'3','4','2012-12-31 09:35:37'),(79,8,'2','5','2012-12-31 09:41:48'),(80,8,'0','10','2012-12-31 09:46:28'),(81,8,'0','10','2012-12-31 09:52:20'),(82,8,'0','5','2012-12-31 09:59:57'),(83,8,'3','4','2012-12-31 10:07:27'),(84,8,'3','4','2012-12-31 10:11:07'),(85,8,'5','2','2012-12-31 10:15:38'),(86,8,'5','2','2012-12-31 10:19:42'),(87,8,'2','5','2012-12-31 10:25:53'),(88,9,'2','5','2012-12-31 10:31:47'),(89,9,'0','5','2012-12-31 10:38:09'),(90,9,'2','5','2012-12-31 10:45:44'),(91,9,'2','5','2012-12-31 10:51:28'),(92,9,'0','5','2012-12-31 10:55:51'),(93,9,'3','4','2012-12-31 11:02:33'),(94,9,'4','3','2012-12-31 11:08:38'),(95,9,'3','4','2012-12-31 11:15:44'),(96,9,'3','4','2012-12-31 11:19:51'),(97,9,'0','5','2012-12-31 11:26:56'),(98,9,'2','5','2012-12-31 11:33:14'),(99,10,'4','3','2013-01-04 04:27:00'),(100,10,'5','2','2013-01-04 04:31:46'),(101,10,'5','2','2013-01-04 04:37:36'),(102,10,'5','2','2013-01-04 04:44:08'),(103,10,'5','2','2013-01-04 04:49:29'),(104,10,'5','2','2013-01-04 04:56:27'),(105,10,'3','4','2013-01-04 05:11:57'),(106,10,'5','2','2013-01-04 05:18:14'),(107,10,'5','2','2013-01-04 05:23:16'),(108,10,'3','4','2013-01-04 05:28:25'),(109,10,'4','3','2013-01-04 05:36:02'),(110,10,'10','0','2013-01-04 05:37:01'),(111,11,'5','2','2013-01-04 06:09:51'),(112,11,'4','3','2013-01-04 06:10:08'),(113,11,'2','5','2013-01-04 06:10:29'),(114,11,'4','3','2013-01-04 06:12:15'),(115,11,'2','5','2013-01-04 06:14:53'),(116,11,'5','2','2013-01-04 06:20:24'),(117,11,'4','3','2013-01-04 06:26:04'),(118,11,'2','5','2013-01-04 06:31:16'),(119,11,'3','4','2013-01-04 06:35:09'),(120,11,'3','4','2013-01-04 06:41:38'),(121,11,'0','5','2013-01-04 06:46:27'),(122,11,'4','3','2013-01-04 06:52:22'),(123,11,'4','3','2013-01-04 06:58:24'),(124,11,'4','3','2013-01-04 07:01:17'),(125,12,'4','3','2013-01-06 07:30:16'),(126,12,'5','2','2013-01-06 07:35:35'),(127,12,'5','0','2013-01-06 07:40:01'),(128,12,'5','2','2013-01-06 07:46:57'),(129,12,'5','0','2013-01-06 07:51:53'),(130,12,'3','4','2013-01-06 07:59:55'),(131,12,'3','4','2013-01-06 08:11:04'),(132,12,'5','2','2013-01-06 08:18:19'),(133,12,'3','4','2013-01-06 08:25:12'),(134,12,'0','10','2013-01-06 08:32:19'),(135,12,'2','5','2013-01-06 08:38:57'),(136,12,'2','5','2013-01-06 08:46:44'),(137,12,'0','10','2013-01-06 08:53:03'),(138,13,'2','5','2013-01-06 09:00:41'),(139,13,'4','3','2013-01-06 09:07:39'),(140,13,'0','10','2013-01-06 09:13:46'),(141,13,'0','5','2013-01-06 09:20:57'),(142,13,'2','5','2013-01-06 09:34:50'),(143,13,'0','10','2013-01-06 09:40:28'),(144,13,'0','5','2013-01-06 09:50:05'),(145,13,'2','5','2013-01-06 09:57:16'),(146,13,'5','2','2013-01-06 10:02:58'),(147,14,'5','0','2013-01-06 10:15:05'),(148,14,'5','2','2013-01-06 10:20:39'),(149,14,'4','3','2013-01-06 10:29:41'),(150,14,'5','0','2013-01-06 10:36:29'),(151,14,'2','5','2013-01-06 10:44:05'),(152,14,'0','5','2013-01-06 10:49:56'),(153,14,'2','5','2013-01-06 10:56:47'),(154,14,'5','2','2013-01-06 11:05:54'),(155,14,'2','5','2013-01-06 11:11:06'),(156,14,'2','5','2013-01-06 11:17:59'),(157,14,'5','2','2013-01-06 11:26:44'),(158,14,'4','3','2013-01-06 11:38:10'),(159,14,'5','0','2013-01-06 11:43:52'),(160,14,'5','0','2013-01-06 11:48:47'),(161,16,'3','4','2013-01-12 03:38:46'),(162,16,'3','4','2013-01-12 03:44:16'),(163,16,'3','4','2013-01-12 03:48:52'),(164,16,'5','2','2013-01-12 03:56:10'),(165,16,'10','0','2013-01-12 04:01:38'),(166,16,'5','0','2013-01-12 04:10:22'),(167,16,'10','0','2013-01-12 04:13:59'),(168,16,'10','0','2013-01-12 04:20:47'),(169,16,'10','0','2013-01-12 04:23:51'),(170,17,'4','3','2013-01-12 04:30:45'),(171,17,'2','5','2013-01-12 04:56:09'),(172,17,'3','4','2013-01-12 04:56:56'),(173,17,'4','3','2013-01-12 04:57:29'),(174,17,'5','2','2013-01-12 05:03:16'),(175,17,'2','5','2013-01-12 05:10:09'),(176,17,'2','5','2013-01-12 05:14:30'),(177,17,'2','5','2013-01-12 05:21:04'),(178,17,'5','2','2013-01-12 05:30:41'),(179,17,'4','3','2013-01-12 05:40:01'),(180,17,'0','5','2013-01-12 05:46:32'),(182,17,'0','5','2013-01-12 05:55:17'),(183,17,'0','10','2013-01-12 05:57:47'),(184,18,'5','0','2013-01-12 06:06:18'),(185,18,'5','2','2013-01-12 06:11:53'),(186,18,'5','0','2013-01-12 06:17:33'),(187,18,'10','0','2013-01-12 06:22:36'),(188,18,'5','0','2013-01-12 06:28:38'),(189,18,'5','0','2013-01-12 06:33:30'),(190,18,'5','2','2013-01-12 06:42:08'),(191,18,'5','2','2013-01-12 06:46:59'),(192,18,'4','3','2013-01-12 06:53:14'),(193,18,'3','4','2013-01-12 06:56:48'),(194,19,'2','5','2013-01-12 07:05:09'),(195,19,'3','4','2013-01-12 07:13:30'),(196,19,'4','3','2013-01-12 07:20:46'),(197,19,'2','5','2013-01-12 07:25:35'),(198,19,'0','10','2013-01-12 07:32:20'),(199,19,'3','4','2013-01-12 07:37:56'),(200,19,'5','0','2013-01-12 07:44:08'),(201,19,'5','2','2013-01-12 07:52:08'),(202,19,'4','3','2013-01-12 07:58:55'),(203,19,'2','5','2013-01-12 08:05:16'),(204,19,'2','5','2013-01-12 08:10:40'),(205,19,'2','5','2013-01-12 08:14:59'),(206,21,'2','5','2013-01-12 08:24:23'),(207,21,'4','3','2013-01-12 08:28:47'),(208,21,'5','2','2013-01-12 08:33:34'),(209,21,'2','5','2013-01-12 08:41:24'),(210,21,'3','4','2013-01-12 08:57:27'),(211,21,'5','2','2013-01-12 09:00:48'),(212,21,'10','0','2013-01-12 09:06:01'),(213,21,'10','0','2013-01-12 09:10:39'),(214,21,'10','0','2013-01-12 09:16:49'),(215,22,'3','4','2013-01-12 09:24:20'),(217,22,'0','10','2013-01-12 09:36:30'),(218,22,'0','10','2013-01-12 09:43:32'),(219,22,'0','10','2013-01-12 09:50:00'),(220,22,'3','4','2013-01-12 09:55:06'),(221,22,'4','3','2013-01-12 10:00:45'),(222,22,'5','2','2013-01-12 10:05:48'),(223,22,'10','0','2013-01-12 10:12:19'),(224,22,'10','0','2013-01-12 10:20:59'),(225,22,'0','5','2013-01-12 10:27:04'),(226,22,'2','5','2013-01-12 10:28:15'),(227,23,'4','3','2013-01-19 03:18:39'),(228,23,'5','2','2013-01-19 03:27:59'),(229,23,'4','3','2013-01-19 03:34:07'),(230,23,'3','4','2013-01-19 03:41:13'),(231,23,'2','5','2013-01-19 03:47:07'),(232,23,'2','5','2013-01-19 03:54:20'),(233,23,'2','5','2013-01-19 04:23:46'),(234,23,'0','5','2013-01-19 04:28:46'),(235,23,'3','4','2013-01-19 04:37:24'),(236,23,'5','2','2013-01-19 04:45:32'),(237,23,'0','5','2013-01-19 04:54:28'),(238,23,'0','5','2013-01-19 05:01:16'),(239,23,'0','5','2013-01-19 05:02:29'),(240,24,'0','10','2013-01-19 05:14:15'),(241,24,'2','5','2013-01-19 05:21:05'),(242,24,'4','3','2013-01-19 05:29:13'),(243,24,'4','3','2013-01-19 05:34:51'),(244,24,'4','3','2013-01-19 05:34:51'),(245,24,'4','3','2013-01-19 05:45:34'),(246,24,'2','5','2013-01-19 05:50:37'),(247,24,'3','4','2013-01-19 06:01:00'),(248,24,'0','5','2013-01-19 06:07:06'),(249,24,'0','5','2013-01-19 06:15:25'),(250,24,'0','10','2013-01-19 06:20:22'),(251,25,'5','0','2013-01-19 06:28:33'),(252,25,'5','2','2013-01-19 06:38:26'),(253,25,'5','2','2013-01-19 06:45:44'),(254,25,'2','5','2013-01-19 06:54:54'),(255,25,'4','3','2013-01-19 07:00:15'),(256,25,'5','0','2013-01-19 07:12:09'),(257,25,'3','4','2013-01-19 07:15:59'),(258,25,'3','4','2013-01-19 07:25:34'),(259,25,'3','4','2013-01-19 07:33:27'),(260,25,'3','4','2013-01-19 07:41:32'),(261,25,'0','5','2013-01-19 07:51:01'),(262,25,'3','4','2013-01-19 07:54:50'),(263,25,'4','3','2013-01-19 08:01:47'),(264,25,'2','5','2013-01-19 08:09:30'),(265,25,'2','5','2013-01-19 08:23:10'),(266,26,'0','5','2013-01-19 08:36:30'),(267,26,'0','5','2013-01-19 08:42:05'),(268,26,'2','5','2013-01-19 08:50:15'),(269,26,'5','2','2013-01-19 08:58:15'),(270,26,'5','2','2013-01-19 09:23:14'),(271,26,'4','3','2013-01-19 09:24:36'),(272,26,'5','0','2013-01-19 09:38:32'),(273,26,'5','0','2013-01-19 09:40:01'),(274,26,'5','2','2013-01-19 09:47:12'),(275,26,'2','5','2013-01-19 09:54:27'),(276,26,'5','2','2013-01-19 10:02:48'),(277,26,'5','2','2013-01-19 10:12:16'),(278,26,'5','2','2013-01-19 10:23:48'),(279,26,'10','0','2013-01-19 10:27:47'),(280,27,'5','2','2013-01-19 10:37:29'),(281,27,'5','0','2013-01-19 10:42:05'),(282,27,'10','0','2013-01-19 10:56:25'),(283,27,'10','0','2013-01-19 10:56:34'),(284,27,'10','0','2013-01-19 11:09:11'),(285,27,'5','0','2013-01-19 11:09:31'),(286,27,'4','3','2013-01-19 11:16:11'),(287,27,'4','3','2013-01-19 11:21:41'),(288,28,'0','10','2013-01-24 05:46:47'),(289,28,'2','5','2013-01-24 05:54:43'),(290,28,'3','4','2013-01-24 06:02:07'),(291,28,'0','5','2013-01-24 06:08:15'),(292,28,'2','5','2013-01-24 06:13:40'),(293,28,'3','4','2013-01-24 06:17:15'),(294,28,'2','5','2013-01-24 06:22:10'),(295,28,'4','3','2013-01-24 06:28:37'),(296,28,'4','3','2013-01-24 06:34:51'),(297,28,'4','3','2013-01-24 06:40:06'),(298,28,'3','4','2013-01-24 06:45:32'),(299,29,'5','0','2013-01-24 06:53:51'),(300,29,'5','0','2013-01-24 06:59:41'),(301,29,'10','0','2013-01-24 07:05:13'),(302,29,'10','0','2013-01-24 07:11:20'),(303,29,'4','3','2013-01-24 07:16:08'),(304,29,'10','0','2013-01-24 07:16:28'),(305,29,'10','0','2013-01-24 07:16:35'),(306,30,'4','3','2013-01-27 01:27:07'),(307,30,'0','5','2013-01-27 01:33:30'),(308,30,'4','3','2013-01-27 01:49:38'),(309,30,'4','3','2013-01-27 01:55:21'),(310,30,'2','5','2013-01-27 02:01:12'),(311,30,'2','5','2013-01-27 02:13:07'),(312,30,'4','3','2013-01-27 02:20:54'),(313,30,'2','5','2013-01-27 02:26:22'),(314,30,'10','0','2013-01-27 02:32:39'),(315,30,'5','0','2013-01-27 02:39:32'),(316,30,'10','0','2013-01-27 02:47:26'),(317,30,'10','0','2013-01-27 02:50:40'),(318,31,'0','10','2013-01-27 04:28:04'),(320,31,'0','10','2013-01-27 04:35:57'),(321,31,'2','5','2013-01-27 04:42:21'),(322,31,'3','4','2013-01-27 04:50:21'),(323,31,'3','4','2013-01-27 04:56:58'),(324,31,'2','5','2013-01-27 05:01:58'),(325,31,'2','5','2013-01-27 05:24:14'),(326,31,'4','3','2013-01-27 05:24:31'),(327,31,'4','3','2013-01-27 05:29:31'),(328,31,'10','0','2013-01-27 05:40:19'),(329,31,'5','0','2013-01-27 05:47:11'),(330,31,'0','10','2013-01-27 05:52:32'),(331,32,'0','5','2013-01-27 06:01:25'),(332,32,'5','2','2013-01-27 06:09:24'),(333,32,'4','3','2013-01-27 06:15:38'),(334,32,'5','0','2013-01-27 06:23:25'),(335,32,'5','2','2013-01-27 06:30:40'),(336,32,'5','0','2013-01-27 06:36:13'),(337,32,'5','2','2013-01-27 06:41:57'),(338,32,'4','3','2013-01-27 06:48:04'),(339,32,'4','3','2013-01-27 06:54:31'),(340,32,'5','0','2013-01-27 07:03:14'),(341,32,'5','0','2013-01-27 07:09:47'),(342,32,'10','0','2013-01-27 07:14:08'),(343,33,'2','5','2013-01-27 07:19:53'),(344,33,'2','5','2013-01-27 07:26:07'),(345,33,'0','5','2013-01-27 07:30:19'),(346,33,'2','5','2013-01-27 07:36:24'),(347,33,'5','2','2013-01-27 07:43:00'),(348,33,'0','10','2013-01-27 07:50:18'),(349,33,'3','4','2013-01-27 07:59:12'),(350,33,'5','2','2013-01-27 08:04:50'),(351,33,'2','5','2013-01-27 08:11:29'),(352,33,'5','2','2013-01-27 08:18:10'),(353,33,'3','4','2013-01-27 08:25:09'),(354,33,'3','4','2013-01-27 08:30:02'),(355,34,'2','5','2013-01-28 06:16:23'),(356,34,'2','5','2013-01-28 06:22:15'),(357,34,'2','5','2013-01-28 06:29:02'),(358,34,'0','5','2013-01-28 06:39:36'),(359,34,'0','5','2013-01-28 06:39:49'),(360,34,'2','5','2013-01-28 06:46:18'),(361,34,'0','10','2013-01-28 06:55:57'),(362,34,'3','4','2013-01-28 07:00:27'),(364,34,'3','4','2013-01-28 07:11:07'),(365,34,'5','2','2013-01-28 07:13:34'),(366,35,'5','2','2013-01-28 07:20:12'),(367,35,'10','0','2013-01-28 07:27:19'),(368,35,'10','0','2013-01-28 07:34:13'),(369,35,'2','5','2013-01-28 07:42:52'),(370,35,'5','2','2013-01-28 07:53:07'),(371,35,'3','4','2013-01-28 07:59:07'),(372,35,'5','2','2013-01-28 08:03:55'),(373,35,'5','2','2013-01-28 08:10:22'),(374,35,'5','2','2013-01-28 08:14:17'),(375,36,'5','2','2013-02-02 04:11:55'),(376,36,'4','3','2013-02-02 04:19:41'),(377,36,'2','5','2013-02-02 04:27:20'),(378,36,'4','3','2013-02-02 04:35:30'),(379,36,'2','5','2013-02-02 04:43:18'),(380,36,'0','10','2013-02-02 04:52:36'),(381,36,'2','5','2013-02-02 05:00:20'),(382,36,'2','5','2013-02-02 05:05:55'),(383,36,'0','5','2013-02-02 05:14:22'),(384,36,'0','5','2013-02-02 05:19:27'),(385,36,'5','2','2013-02-02 05:23:17'),(386,37,'5','0','2013-02-02 05:33:39'),(387,37,'10','0','2013-02-02 05:37:00'),(388,37,'10','0','2013-02-02 05:42:45'),(389,37,'10','0','2013-02-02 05:48:32'),(390,37,'5','2','2013-02-02 05:54:07'),(391,37,'4','3','2013-02-02 06:02:20'),(392,37,'4','3','2013-02-02 06:09:22'),(393,37,'5','2','2013-02-02 06:15:28'),(394,38,'2','5','2013-02-02 06:23:52'),(395,38,'4','3','2013-02-02 06:31:54'),(396,38,'3','4','2013-02-02 06:38:29'),(397,38,'5','2','2013-02-02 06:46:53'),(398,38,'5','0','2013-02-02 06:55:37'),(399,38,'5','0','2013-02-02 07:01:11'),(400,38,'5','0','2013-02-02 07:07:31'),(401,38,'5','2','2013-02-02 07:14:28'),(402,38,'5','2','2013-02-02 07:15:12'),(403,38,'3','4','2013-02-02 07:21:04'),(404,38,'2','5','2013-02-02 07:31:39'),(405,38,'0','10','2013-02-02 07:39:24'),(406,38,'0','10','2013-02-02 07:45:11'),(407,38,'2','5','2013-02-02 07:52:59'),(408,39,'5','2','2013-02-02 08:06:04'),(409,39,'0','10','2013-02-02 08:11:42'),(410,39,'0','10','2013-02-02 08:16:51'),(411,39,'0','10','2013-02-02 08:22:15'),(412,39,'0','5','2013-02-02 08:33:10'),(413,39,'0','5','2013-02-02 08:38:10'),(414,39,'0','5','2013-02-02 08:45:36'),(415,39,'2','5','2013-02-02 08:48:57'),(439,42,'0','5','2013-02-09 03:13:31'),(440,42,'0','5','2013-02-09 03:19:59'),(441,42,'0','10','2013-02-09 03:25:57'),(442,42,'0','5','2013-02-09 03:36:36'),(443,42,'2','5','2013-02-09 03:44:54'),(444,42,'4','3','2013-02-09 03:53:17'),(445,42,'2','5','2013-02-09 04:00:13'),(446,42,'0','5','2013-02-09 04:04:19'),(447,42,'2','5','2013-02-09 04:11:37'),(448,42,'4','3','2013-02-09 04:14:18'),(449,43,'0','5','2013-02-09 04:21:36'),(450,43,'2','5','2013-02-09 04:27:13'),(451,43,'3','4','2013-02-09 04:31:49'),(452,43,'5','2','2013-02-09 04:39:49'),(453,43,'2','5','2013-02-09 04:47:53'),(454,43,'0','5','2013-02-09 04:53:08'),(455,43,'0','5','2013-02-09 04:59:14'),(456,43,'3','4','2013-02-09 05:05:31'),(457,43,'0','10','2013-02-09 05:09:11'),(458,43,'2','5','2013-02-09 05:14:57'),(459,44,'0','10','2013-02-09 05:20:47'),(460,44,'0','10','2013-02-09 05:36:50'),(462,44,'4','3','2013-02-09 05:37:30'),(463,44,'5','2','2013-02-09 05:44:10'),(464,44,'10','0','2013-02-09 05:49:02'),(465,44,'5','0','2013-02-09 05:55:06'),(466,44,'5','0','2013-02-09 06:02:07'),(467,44,'0','5','2013-02-09 06:07:21'),(468,44,'4','3','2013-02-09 06:14:23'),(469,44,'2','5','2013-02-09 06:24:55'),(470,44,'0','5','2013-02-09 06:29:34'),(471,44,'0','10','2013-02-09 06:34:33'),(472,45,'4','3','2013-02-09 06:42:55'),(473,45,'5','2','2013-02-09 06:48:58'),(474,45,'3','4','2013-02-09 06:58:32'),(475,45,'2','5','2013-02-09 07:15:22'),(476,45,'4','3','2013-02-09 07:25:04'),(477,45,'2','5','2013-02-09 07:31:33'),(478,45,'2','5','2013-02-09 07:39:27'),(479,45,'5','2','2013-02-09 07:50:32'),(480,45,'3','4','2013-02-09 07:57:55'),(481,45,'5','0','2013-02-09 08:05:08'),(482,45,'10','0','2013-02-09 08:09:53'),(483,45,'10','0','2013-02-09 08:14:32'),(484,46,'2','5','2013-02-09 08:26:15'),(485,46,'3','4','2013-02-09 08:34:16'),(486,46,'4','3','2013-02-09 08:41:06'),(487,46,'2','5','2013-02-09 08:48:54'),(488,46,'2','5','2013-02-09 08:55:03'),(489,46,'5','2','2013-02-09 09:00:53'),(490,46,'10','0','2013-02-09 09:06:50'),(491,46,'5','0','2013-02-09 09:14:34'),(492,46,'10','0','2013-02-09 09:19:37'),(493,46,'10','0','2013-02-09 09:24:49'),(494,47,'5','2','2013-02-09 09:33:29'),(495,47,'5','2','2013-02-09 09:38:43'),(496,47,'10','0','2013-02-09 09:43:48'),(497,47,'10','0','2013-02-09 09:50:11'),(498,47,'5','0','2013-02-09 09:55:52'),(499,47,'4','3','2013-02-09 10:04:37'),(500,47,'0','5','2013-02-09 10:11:08'),(501,47,'5','2','2013-02-09 10:17:01'),(502,47,'3','4','2013-02-09 10:23:11'),(503,47,'10','0','2013-02-09 10:26:55'),(504,48,'3','4','2013-02-16 02:45:19'),(505,48,'2','5','2013-02-16 02:51:05'),(506,48,'3','4','2013-02-16 02:57:15'),(507,48,'5','2','2013-02-16 03:05:54'),(508,48,'3','4','2013-02-16 03:09:28'),(509,48,'5','2','2013-02-16 03:16:39'),(510,48,'2','5','2013-02-16 03:21:58'),(511,48,'3','4','2013-02-16 03:27:45'),(512,48,'2','5','2013-02-16 03:31:49'),(513,48,'0','10','2013-02-16 03:37:50'),(514,48,'0','10','2013-02-16 03:44:00'),(515,49,'2','5','2013-02-16 03:52:50'),(516,49,'5','0','2013-02-16 03:56:46'),(517,49,'5','2','2013-02-16 04:04:24'),(518,49,'4','3','2013-02-16 04:09:58'),(519,49,'10','0','2013-02-16 04:15:22'),(520,49,'5','0','2013-02-16 04:21:06'),(521,49,'5','2','2013-02-16 04:28:34'),(522,49,'3','4','2013-02-16 04:34:34'),(523,49,'3','4','2013-02-16 04:41:03'),(524,49,'5','2','2013-02-16 04:47:26'),(525,49,'5','2','2013-02-16 04:50:06'),(526,50,'4','3','2013-02-16 04:59:21'),(527,50,'2','5','2013-02-16 05:06:32'),(528,50,'2','5','2013-02-16 05:12:56'),(529,50,'4','3','2013-02-16 05:19:03'),(530,50,'5','2','2013-02-16 05:24:58'),(531,50,'5','2','2013-02-16 05:29:58'),(532,50,'4','3','2013-02-16 05:36:10'),(533,50,'5','2','2013-02-16 05:40:11'),(534,50,'5','2','2013-02-16 05:46:58'),(535,50,'4','3','2013-02-16 05:52:48'),(536,50,'4','3','2013-02-16 05:59:21'),(537,50,'3','4','2013-02-16 06:05:10'),(538,50,'5','2','2013-02-16 06:09:00'),(539,51,'0','10','2013-02-16 06:13:41'),(540,51,'0','5','2013-02-16 06:19:57'),(541,51,'0','5','2013-02-16 06:25:59'),(542,51,'2','5','2013-02-16 06:31:57'),(543,51,'0','10','2013-02-16 06:37:33'),(544,51,'2','5','2013-02-16 06:42:43'),(545,51,'5','2','2013-02-16 06:49:37'),(546,51,'5','2','2013-02-16 06:56:21'),(547,51,'5','2','2013-02-16 07:01:55'),(548,51,'5','0','2013-02-16 07:07:49'),(549,51,'5','2','2013-02-16 07:13:52'),(550,51,'3','4','2013-02-16 07:19:56'),(551,52,'2','5','2013-02-16 07:27:38'),(552,52,'4','3','2013-02-16 07:34:02'),(553,52,'5','2','2013-02-16 07:38:21'),(554,52,'5','2','2013-02-16 07:44:47'),(555,52,'2','5','2013-02-16 07:53:37'),(556,52,'2','5','2013-02-16 07:57:37'),(557,52,'4','3','2013-02-16 08:04:57'),(558,52,'3','4','2013-02-16 08:10:12'),(559,52,'5','0','2013-02-16 08:18:53'),(560,52,'4','3','2013-02-16 08:23:30'),(561,52,'4','3','2013-02-16 08:31:19'),(562,52,'4','3','2013-02-16 08:37:06'),(563,52,'2','5','2013-02-16 08:43:49'),(564,52,'4','3','2013-02-16 08:48:39'),(565,53,'5','2','2013-02-16 08:54:44'),(566,53,'2','5','2013-02-16 09:00:24'),(567,53,'5','0','2013-02-16 09:06:06'),(568,53,'10','0','2013-02-16 09:14:07'),(569,53,'5','0','2013-02-16 09:22:31'),(570,53,'5','2','2013-02-16 09:28:49'),(571,53,'5','0','2013-02-16 09:34:23'),(572,53,'10','0','2013-02-16 09:38:55'),(573,53,'10','0','2013-02-16 09:41:33'),(576,55,'5','0','2013-02-21 03:09:55'),(577,55,'5','0','2013-02-21 03:15:08'),(578,55,'5','0','2013-02-21 03:21:22'),(579,55,'5','2','2013-02-21 03:26:37'),(580,55,'5','2','2013-02-21 03:34:16'),(581,55,'10','0','2013-02-21 03:39:50'),(582,55,'5','0','2013-02-21 03:48:20'),(583,55,'10','0','2013-02-21 03:53:38'),(584,56,'3','4','2013-02-21 04:00:49'),(585,56,'4','3','2013-02-21 04:06:13'),(586,56,'5','0','2013-02-21 04:12:37'),(587,56,'5','2','2013-02-21 04:18:06'),(588,56,'10','0','2013-02-21 04:22:40'),(589,56,'5','2','2013-02-21 04:29:22'),(590,56,'3','4','2013-02-21 04:38:26'),(591,56,'5','2','2013-02-21 04:44:01'),(592,56,'5','2','2013-02-21 04:51:10'),(593,56,'4','3','2013-02-21 04:58:17'),(594,56,'4','3','2013-02-21 05:06:45'),(595,57,'4','3','2013-02-21 05:19:25'),(596,57,'2','5','2013-02-21 05:22:17'),(597,57,'5','2','2013-02-21 05:32:08'),(598,57,'2','5','2013-02-21 05:38:22'),(599,57,'0','5','2013-02-21 05:48:55'),(600,57,'5','2','2013-02-21 05:57:27'),(601,57,'4','3','2013-02-21 06:02:23'),(602,57,'0','10','2013-02-21 06:08:23'),(603,57,'0','5','2013-02-21 06:14:25'),(604,57,'4','3','2013-02-21 06:20:04'),(605,57,'2','5','2013-02-21 06:28:35'),(606,57,'5','2','2013-02-21 06:33:01'),(607,58,'4','3','2013-02-21 06:39:54'),(608,58,'4','3','2013-02-21 06:44:49'),(609,58,'10','0','2013-02-21 06:51:26'),(610,58,'10','0','2013-02-21 06:56:24'),(611,58,'10','0','2013-02-21 07:00:53'),(612,58,'5','0','2013-02-21 07:06:32'),(613,58,'5','0','2013-02-21 07:11:23'),(614,58,'10','0','2013-02-21 07:16:06'),(615,59,'5','2','2013-02-21 07:22:46'),(616,59,'4','3','2013-02-21 07:29:21'),(617,59,'5','2','2013-02-21 07:36:47'),(618,59,'5','2','2013-02-21 07:42:08'),(619,59,'5','0','2013-02-21 07:48:07'),(620,59,'5','2','2013-02-21 07:53:59'),(621,59,'5','2','2013-02-21 07:59:31'),(622,59,'5','2','2013-02-21 08:05:22'),(623,59,'5','2','2013-02-21 08:12:25'),(624,59,'5','2','2013-02-21 08:17:22'),(625,59,'5','0','2013-02-21 08:20:50'),(626,60,'5','2','2013-03-01 03:27:22'),(627,60,'2','5','2013-03-01 03:27:37'),(628,60,'2','5','2013-03-01 03:32:32'),(629,60,'5','2','2013-03-01 03:38:39'),(630,60,'5','2','2013-03-01 03:46:20'),(631,60,'2','5','2013-03-01 03:52:31'),(632,60,'3','4','2013-03-01 03:58:42'),(633,60,'5','2','2013-03-01 04:03:44'),(634,60,'2','5','2013-03-01 04:10:58'),(635,60,'5','2','2013-03-01 04:19:17'),(636,60,'2','5','2013-03-01 04:29:45'),(637,60,'3','4','2013-03-01 04:36:01'),(638,60,'5','2','2013-03-01 04:47:48'),(639,60,'0','5','2013-03-01 04:50:35'),(640,62,'2','5','2013-03-01 05:01:08'),(641,62,'0','5','2013-03-01 05:07:19'),(642,62,'3','4','2013-03-01 05:13:12'),(643,62,'5','2','2013-03-01 05:20:47'),(644,62,'4','3','2013-03-01 05:26:37'),(645,62,'5','2','2013-03-01 05:34:35'),(646,62,'2','5','2013-03-01 05:40:55'),(647,62,'2','5','2013-03-01 05:46:49'),(648,62,'2','5','2013-03-01 05:52:41'),(649,62,'3','4','2013-03-01 05:59:53'),(650,62,'3','4','2013-03-01 06:04:42'),(651,62,'2','5','2013-03-01 06:10:44'),(652,62,'10','0','2013-03-01 06:17:20'),(653,62,'10','0','2013-03-01 06:25:06'),(654,63,'4','3','2013-03-01 06:35:45'),(655,63,'2','5','2013-03-01 06:41:02'),(656,63,'2','5','2013-03-01 06:48:01'),(657,63,'2','5','2013-03-01 06:55:06'),(658,63,'5','2','2013-03-01 07:02:23'),(659,63,'0','10','2013-03-01 07:08:14'),(660,63,'0','10','2013-03-01 07:13:02'),(661,63,'3','4','2013-03-01 07:19:37'),(662,63,'0','5','2013-03-01 07:28:56'),(663,63,'5','2','2013-03-01 07:37:49'),(664,64,'0','5','2013-03-03 03:51:10'),(665,64,'0','10','2013-03-03 03:56:02'),(666,64,'0','10','2013-03-03 04:00:36'),(667,64,'0','10','2013-03-03 04:07:00'),(668,64,'0','10','2013-03-03 04:12:22'),(669,64,'4','3','2013-03-03 04:17:14'),(670,64,'2','5','2013-03-03 04:21:38'),(671,65,'4','3','2013-03-03 04:28:24'),(672,65,'5','2','2013-03-03 04:40:51'),(673,65,'4','3','2013-03-03 04:47:09'),(674,65,'2','5','2013-03-03 04:52:17'),(675,65,'2','5','2013-03-03 04:55:32'),(676,65,'4','3','2013-03-03 05:01:36'),(677,65,'2','5','2013-03-03 05:07:56'),(678,65,'3','4','2013-03-03 05:14:39'),(679,65,'5','2','2013-03-03 05:22:14'),(680,65,'4','3','2013-03-03 05:31:09'),(681,65,'5','2','2013-03-03 05:37:09'),(682,65,'0','5','2013-03-03 05:43:43'),(683,65,'3','4','2013-03-03 05:51:01'),(684,65,'3','4','2013-03-03 05:57:40'),(685,66,'4','3','2013-03-03 06:07:01'),(686,66,'5','0','2013-03-03 06:14:01'),(687,66,'5','2','2013-03-03 06:22:04'),(688,66,'3','4','2013-03-03 06:26:31'),(689,66,'4','3','2013-03-03 06:32:15'),(690,66,'2','5','2013-03-03 06:40:39'),(691,66,'0','5','2013-03-03 06:47:56'),(692,66,'2','5','2013-03-03 06:53:05'),(693,66,'4','3','2013-03-03 07:00:43'),(694,66,'5','2','2013-03-03 07:06:31'),(695,66,'5','0','2013-03-03 07:14:53'),(696,66,'2','5','2013-03-03 07:23:42'),(697,66,'2','5','2013-03-03 07:32:06'),(698,66,'3','4','2013-03-03 07:42:08'),(699,66,'3','4','2013-03-03 07:49:52'),(700,66,'2','5','2013-03-03 07:58:54'),(701,67,'5','0','2013-03-03 08:08:54'),(703,67,'10','0','2013-03-03 08:15:13'),(704,67,'5','2','2013-03-03 08:22:49'),(706,67,'4','3','2013-03-03 08:33:18'),(707,67,'5','2','2013-03-03 08:42:01'),(708,67,'5','2','2013-03-03 08:47:58'),(709,67,'5','2','2013-03-03 08:54:56'),(710,67,'3','4','2013-03-03 09:03:52'),(711,67,'2','5','2013-03-03 09:10:36'),(712,67,'3','4','2013-03-03 09:20:11'),(713,67,'2','5','2013-03-03 09:26:05'),(714,67,'3','4','2013-03-03 09:30:32'),(719,69,'5','2','2013-03-09 04:59:50'),(720,69,'5','2','2013-03-09 05:04:52'),(721,69,'5','2','2013-03-09 05:09:56'),(722,69,'10','0','2013-03-09 05:16:22'),(723,69,'10','0','2013-03-09 05:21:49'),(724,69,'5','0','2013-03-09 05:29:51'),(725,69,'10','0','2013-03-09 05:35:42'),(726,70,'5','0','2013-03-09 05:45:00'),(727,70,'4','3','2013-03-09 05:49:44'),(728,70,'2','5','2013-03-09 05:57:50'),(729,70,'2','5','2013-03-09 06:06:52'),(730,70,'5','0','2013-03-09 06:13:57'),(731,70,'3','4','2013-03-09 06:23:01'),(732,70,'5','2','2013-03-09 06:23:28'),(733,70,'5','2','2013-03-09 06:31:14'),(734,70,'3','4','2013-03-09 06:37:36'),(735,70,'4','3','2013-03-09 06:46:15'),(736,70,'5','2','2013-03-09 06:51:34'),(737,70,'3','4','2013-03-09 06:56:34'),(738,70,'5','0','2013-03-09 07:01:09'),(739,71,'10','0','2013-03-09 07:08:42'),(740,71,'5','2','2013-03-09 07:17:20'),(741,71,'5','2','2013-03-09 07:22:57'),(742,71,'4','3','2013-03-09 07:32:24'),(743,71,'5','2','2013-03-09 07:39:38'),(744,71,'5','2','2013-03-09 07:47:04'),(745,71,'2','5','2013-03-09 07:53:36'),(746,71,'4','3','2013-03-09 08:00:29'),(747,71,'2','5','2013-03-09 08:05:48'),(748,71,'3','4','2013-03-09 08:09:58'),(749,71,'3','4','2013-03-09 08:15:23'),(750,71,'2','5','2013-03-09 08:22:44'),(751,72,'4','3','2013-03-23 01:58:50'),(752,72,'10','0','2013-03-23 02:05:29'),(753,72,'10','0','2013-03-23 02:11:16'),(754,72,'5','0','2013-03-23 02:16:37'),(755,72,'5','2','2013-03-23 02:22:01'),(756,72,'5','2','2013-03-23 02:27:26'),(757,72,'2','5','2013-03-23 02:33:04'),(758,72,'5','0','2013-03-23 02:38:00'),(759,72,'0','5','2013-03-23 02:47:20'),(760,72,'0','5','2013-03-23 02:55:07'),(761,72,'0','5','2013-03-23 03:00:05'),(762,72,'2','5','2013-03-23 03:06:20'),(763,72,'4','3','2013-03-23 03:13:39'),(764,73,'5','0','2013-03-23 03:20:21'),(765,73,'3','4','2013-03-23 03:26:56'),(766,73,'3','4','2013-03-23 03:33:46'),(767,73,'5','2','2013-03-23 03:39:08'),(768,73,'3','4','2013-03-23 03:46:46'),(769,73,'3','4','2013-03-23 03:52:49'),(770,73,'2','5','2013-03-23 03:59:31'),(771,73,'2','5','2013-03-23 04:06:38'),(772,73,'4','3','2013-03-23 04:12:03'),(773,73,'3','4','2013-03-23 04:17:04'),(774,73,'5','0','2013-03-23 04:22:56'),(775,73,'4','3','2013-03-23 04:26:17'),(776,73,'2','5','2013-03-23 04:36:35'),(777,73,'2','5','2013-03-23 04:42:30'),(778,73,'4','3','2013-03-23 04:49:06'),(779,73,'2','5','2013-03-23 04:58:20'),(780,74,'2','5','2013-03-23 05:06:34'),(781,74,'4','3','2013-03-23 05:13:26'),(782,74,'2','5','2013-03-23 05:20:12'),(783,74,'5','0','2013-03-23 05:27:14'),(784,74,'5','2','2013-03-23 05:35:30'),(785,74,'5','2','2013-03-23 05:41:55'),(786,74,'5','0','2013-03-23 05:51:13'),(787,74,'4','3','2013-03-23 05:59:02'),(788,74,'2','5','2013-03-23 06:07:06'),(789,74,'2','5','2013-03-23 06:12:10'),(790,74,'3','4','2013-03-23 06:17:29'),(791,74,'2','5','2013-03-23 06:24:40'),(792,74,'3','4','2013-03-23 06:34:52'),(793,74,'3','4','2013-03-23 06:41:04'),(794,74,'3','4','2013-03-23 06:48:27'),(795,74,'3','4','2013-03-23 06:58:21'),(796,74,'4','3','2013-03-23 07:07:07'),(797,74,'2','5','2013-03-23 07:14:56'),(798,75,'5','2','2013-03-23 07:24:59'),(799,75,'0','5','2013-03-23 07:32:08'),(800,75,'4','3','2013-03-23 07:37:16'),(801,75,'4','3','2013-03-23 07:45:21'),(802,75,'5','0','2013-03-23 07:52:39'),(803,75,'10','0','2013-03-23 07:57:43'),(804,75,'10','0','2013-03-23 08:04:41'),(805,75,'5','0','2013-03-23 08:12:09'),(806,75,'4','3','2013-03-23 08:18:00'),(807,75,'2','5','2013-03-23 08:24:59'),(808,75,'2','5','2013-03-23 08:28:46'),(809,76,'4','3','2013-03-29 02:37:32'),(810,76,'5','2','2013-03-29 02:42:02'),(811,76,'0','5','2013-03-29 02:48:38'),(812,76,'0','10','2013-03-29 02:54:24'),(813,76,'0','10','2013-03-29 02:59:33'),(814,76,'0','5','2013-03-29 03:08:03'),(815,76,'5','2','2013-03-29 03:17:04'),(816,76,'4','3','2013-03-29 03:22:02'),(817,76,'4','3','2013-03-29 03:28:09'),(818,76,'4','3','2013-03-29 03:33:37'),(819,76,'5','2','2013-03-29 03:41:38'),(820,76,'10','0','2013-03-29 03:47:08'),(821,76,'0','5','2013-03-29 03:49:52'),(822,77,'5','0','2013-03-29 04:26:46'),(823,77,'5','0','2013-03-29 04:34:28'),(824,77,'10','0','2013-03-29 04:39:20'),(825,77,'5','2','2013-03-29 04:45:40'),(826,77,'5','2','2013-03-29 04:52:02'),(827,77,'5','2','2013-03-29 04:56:25'),(828,77,'2','5','2013-03-29 05:06:44'),(829,77,'2','5','2013-03-29 05:14:58'),(830,77,'2','5','2013-03-29 05:21:28'),(831,77,'5','2','2013-03-29 05:27:21'),(832,77,'2','5','2013-03-29 05:33:40'),(833,77,'4','3','2013-03-29 05:38:38'),(834,78,'4','3','2013-03-29 05:46:02'),(835,78,'4','3','2013-03-29 05:55:13'),(838,78,'4','3','2013-03-29 06:05:14'),(839,78,'5','2','2013-03-29 06:09:49'),(840,78,'4','3','2013-03-29 06:18:04'),(841,78,'2','5','2013-03-29 06:26:12'),(842,78,'3','4','2013-03-29 06:36:44'),(843,78,'2','5','2013-03-29 06:44:20'),(844,78,'0','5','2013-03-29 06:51:50'),(845,78,'5','2','2013-03-29 06:58:41'),(846,78,'5','2','2013-03-29 07:05:20'),(847,78,'2','5','2013-03-29 07:16:30'),(848,78,'2','5','2013-03-29 07:25:59'),(849,78,'5','0','2013-03-29 07:35:46'),(850,78,'4','3','2013-03-29 07:39:34'),(851,78,'2','5','2013-03-29 07:48:17'),(852,78,'2','5','2013-03-29 07:57:00'),(853,79,'3','4','2013-03-29 08:06:54'),(854,79,'5','0','2013-03-29 08:12:10'),(855,79,'2','5','2013-03-29 08:21:58'),(856,79,'2','5','2013-03-29 08:28:49'),(857,79,'0','5','2013-03-29 08:37:04'),(858,79,'3','4','2013-03-29 08:44:30'),(859,79,'0','5','2013-03-29 08:52:00'),(860,79,'0','5','2013-03-29 08:59:18'),(861,79,'0','5','2013-03-29 09:06:22'),(862,79,'0','10','2013-03-29 09:10:49'),(863,79,'0','10','2013-03-29 09:13:50'),(864,80,'5','0','2013-03-29 09:20:30'),(865,80,'5','0','2013-03-29 09:29:12'),(866,80,'5','2','2013-03-29 09:35:48'),(867,80,'10','0','2013-03-29 09:41:14'),(868,80,'4','3','2013-03-29 09:46:54'),(869,80,'2','5','2013-03-29 09:53:14'),(870,80,'5','2','2013-03-29 09:59:32'),(871,80,'4','3','2013-03-29 10:08:42'),(872,80,'5','2','2013-03-29 10:16:34'),(873,80,'5','0','2013-03-29 10:23:53'),(874,81,'5','2','2013-04-01 00:54:26'),(875,81,'5','2','2013-04-01 00:58:27'),(876,81,'3','4','2013-04-01 01:07:47'),(877,81,'2','5','2013-04-01 01:16:15'),(878,81,'2','5','2013-04-01 01:27:12'),(879,81,'3','4','2013-04-01 01:33:37'),(880,81,'4','3','2013-04-01 01:43:57'),(881,81,'5','2','2013-04-01 01:52:26'),(882,81,'5','0','2013-04-01 01:58:30'),(883,81,'10','0','2013-04-01 02:05:04'),(884,81,'5','2','2013-04-01 02:15:56'),(885,81,'10','0','2013-04-01 02:22:13'),(886,83,'4','3','2013-04-01 03:30:36'),(887,83,'4','3','2013-04-01 03:34:57'),(888,83,'2','5','2013-04-01 03:44:01'),(889,83,'2','5','2013-04-01 03:47:58'),(890,83,'3','4','2013-04-01 03:52:41'),(891,83,'2','5','2013-04-01 04:00:41'),(892,83,'0','5','2013-04-01 04:08:45'),(893,83,'0','5','2013-04-01 04:15:41'),(894,83,'2','5','2013-04-01 04:21:04'),(895,83,'2','5','2013-04-01 04:29:07'),(896,83,'5','2','2013-04-01 04:37:08'),(897,83,'10','0','2013-04-01 04:41:28'),(898,83,'5','0','2013-04-01 04:49:23'),(899,83,'4','3','2013-04-01 05:04:40'),(900,84,'5','2','2013-04-01 05:11:59'),(901,84,'5','2','2013-04-01 05:20:18'),(902,84,'3','4','2013-04-01 05:28:08'),(903,84,'5','2','2013-04-01 05:32:52'),(904,84,'5','2','2013-04-01 05:38:13'),(905,84,'5','2','2013-04-01 05:48:15'),(906,84,'4','3','2013-04-01 05:52:45'),(907,84,'0','10','2013-04-01 05:57:32'),(908,84,'3','4','2013-04-01 06:02:40'),(909,84,'5','2','2013-04-01 06:09:25'),(910,84,'5','2','2013-04-01 06:14:57'),(911,84,'3','4','2013-04-01 06:23:41'),(912,84,'10','0','2013-04-01 06:27:43'),(913,85,'3','4','2013-04-06 02:40:11'),(914,85,'2','5','2013-04-06 02:46:13'),(915,85,'0','10','2013-04-06 02:51:20'),(916,85,'0','10','2013-04-06 02:57:32'),(917,85,'0','5','2013-04-06 03:11:32'),(918,85,'2','5','2013-04-06 03:17:30'),(919,85,'2','5','2013-04-06 03:22:05'),(920,85,'2','5','2013-04-06 03:28:54'),(921,85,'0','10','2013-04-06 03:29:36'),(922,86,'5','2','2013-04-06 03:38:29'),(923,86,'5','2','2013-04-06 03:44:29'),(924,86,'0','5','2013-04-06 03:48:55'),(925,86,'2','5','2013-04-06 03:55:55'),(926,86,'2','5','2013-04-06 04:02:20'),(927,86,'3','4','2013-04-06 04:09:51'),(928,86,'4','3','2013-04-06 04:21:55'),(929,86,'3','4','2013-04-06 04:27:13'),(930,86,'5','2','2013-04-06 04:31:28'),(931,86,'5','2','2013-04-06 04:37:14'),(932,86,'2','5','2013-04-06 04:44:11'),(933,86,'5','0','2013-04-06 04:52:35'),(934,86,'5','0','2013-04-06 04:57:55'),(935,86,'5','2','2013-04-06 05:04:55'),(936,87,'3','4','2013-04-06 05:11:04'),(937,87,'0','5','2013-04-06 05:17:57'),(938,87,'2','5','2013-04-06 05:24:06'),(939,87,'2','5','2013-04-06 05:30:08'),(940,87,'0','5','2013-04-06 05:37:17'),(941,87,'0','10','2013-04-06 05:42:57'),(942,87,'3','4','2013-04-06 05:50:42'),(943,87,'4','3','2013-04-06 05:57:32'),(944,87,'0','10','2013-04-06 06:03:29'),(945,88,'5','2','2013-04-06 06:12:29'),(946,88,'5','2','2013-04-06 06:17:07'),(947,88,'3','4','2013-04-06 06:26:08'),(948,88,'3','4','2013-04-06 06:32:51'),(949,88,'3','4','2013-04-06 06:42:04'),(950,88,'2','5','2013-04-06 06:48:03'),(951,88,'4','3','2013-04-06 06:53:49'),(952,88,'4','3','2013-04-06 06:59:43'),(953,88,'5','0','2013-04-06 07:04:34'),(954,88,'4','3','2013-04-06 07:12:12'),(955,88,'5','0','2013-04-06 07:18:23'),(956,88,'5','0','2013-04-06 07:22:30'),(957,88,'3','4','2013-04-06 07:26:45'),(958,89,'3','4','2013-04-08 01:36:06'),(959,89,'5','0','2013-04-08 01:41:54'),(960,89,'2','5','2013-04-08 01:48:42'),(961,89,'5','0','2013-04-08 01:56:04'),(962,89,'5','0','2013-04-08 02:01:06'),(963,89,'4','3','2013-04-08 02:07:07'),(964,89,'3','4','2013-04-08 02:13:01'),(965,89,'5','2','2013-04-08 02:20:20'),(966,89,'2','5','2013-04-08 02:27:18'),(967,89,'5','2','2013-04-08 02:33:30'),(968,89,'2','5','2013-04-08 02:42:31'),(969,89,'2','5','2013-04-08 02:49:48'),(970,89,'4','3','2013-04-08 02:57:17'),(971,89,'2','5','2013-04-08 03:03:17'),(972,89,'2','5','2013-04-08 03:09:33'),(973,90,'3','4','2013-04-08 03:18:13'),(974,90,'4','3','2013-04-08 03:24:12'),(975,90,'2','5','2013-04-08 03:31:18'),(976,90,'4','3','2013-04-08 03:38:05'),(977,90,'2','5','2013-04-08 03:42:49'),(978,90,'2','5','2013-04-08 03:49:20'),(979,90,'2','5','2013-04-08 03:58:22'),(980,90,'2','5','2013-04-08 04:04:03'),(981,90,'2','5','2013-04-08 04:11:48'),(982,90,'4','3','2013-04-08 04:17:41'),(983,90,'0','5','2013-04-08 04:24:00'),(984,90,'4','3','2013-04-08 04:28:33'),(985,91,'2','5','2013-04-08 04:34:53'),(986,91,'4','3','2013-04-08 04:43:58'),(987,91,'4','3','2013-04-08 04:51:26'),(988,91,'5','0','2013-04-08 04:59:07'),(989,91,'5','0','2013-04-08 05:05:35'),(990,91,'3','4','2013-04-08 05:13:01'),(991,91,'0','10','2013-04-08 05:16:40'),(992,91,'0','10','2013-04-08 05:21:57'),(993,91,'0','10','2013-04-08 05:27:11'),(994,91,'2','5','2013-04-08 05:30:25'),(995,92,'5','2','2013-04-08 05:35:58'),(996,92,'3','4','2013-04-08 05:45:00'),(997,92,'4','3','2013-04-08 05:52:04'),(998,92,'4','3','2013-04-08 05:59:50'),(999,92,'3','4','2013-04-08 06:06:27'),(1000,92,'5','2','2013-04-08 06:15:34'),(1001,92,'5','0','2013-04-08 06:23:58'),(1002,92,'10','0','2013-04-08 06:29:10'),(1003,92,'10','0','2013-04-08 06:35:34'),(1004,92,'2','5','2013-04-08 06:38:31'),(1005,93,'5','2','2013-04-13 03:36:21'),(1006,93,'5','2','2013-04-13 03:44:35'),(1007,93,'5','0','2013-04-13 03:50:57'),(1008,93,'5','0','2013-04-13 03:58:39'),(1009,93,'5','2','2013-04-13 04:07:51'),(1010,93,'4','3','2013-04-13 04:13:43'),(1011,93,'2','5','2013-04-13 04:24:54'),(1012,93,'3','4','2013-04-13 04:30:32'),(1013,93,'3','4','2013-04-13 04:36:30'),(1014,93,'2','5','2013-04-13 04:44:16'),(1015,93,'2','5','2013-04-13 04:54:08'),(1016,93,'3','4','2013-04-13 05:02:45'),(1017,93,'5','0','2013-04-13 05:09:38'),(1018,93,'2','5','2013-04-13 05:15:36'),(1019,94,'4','3','2013-04-13 05:30:08'),(1020,94,'5','2','2013-04-13 05:36:15'),(1021,94,'5','2','2013-04-13 05:47:08'),(1022,94,'4','3','2013-04-13 05:53:06'),(1023,94,'2','5','2013-04-13 06:01:46'),(1024,94,'5','2','2013-04-13 06:09:20'),(1025,94,'5','0','2013-04-13 06:17:34'),(1026,94,'4','3','2013-04-13 06:26:47'),(1027,94,'3','4','2013-04-13 06:36:46'),(1028,94,'4','3','2013-04-13 06:44:47'),(1029,94,'4','3','2013-04-13 06:49:49'),(1030,94,'5','0','2013-04-13 06:58:22'),(1031,95,'2','5','2013-04-20 02:13:02'),(1032,95,'0','5','2013-04-20 02:20:58'),(1033,95,'0','5','2013-04-20 02:26:04'),(1034,95,'0','5','2013-04-20 02:33:47'),(1035,95,'0','5','2013-04-20 02:39:29'),(1036,95,'0','5','2013-04-20 02:44:54'),(1037,95,'0','5','2013-04-20 02:52:38'),(1038,95,'0','10','2013-04-20 02:56:32'),(1039,95,'2','5','2013-04-20 02:59:24'),(1040,96,'5','2','2013-04-20 03:09:37'),(1041,96,'0','5','2013-04-20 03:14:29'),(1042,96,'0','5','2013-04-20 03:19:12'),(1043,96,'0','5','2013-04-20 03:26:35'),(1044,96,'3','4','2013-04-20 03:32:33'),(1045,96,'2','5','2013-04-20 03:38:02'),(1046,96,'4','3','2013-04-20 03:46:05'),(1047,96,'4','3','2013-04-20 03:52:02'),(1048,96,'0','5','2013-04-20 03:57:41'),(1049,96,'0','5','2013-04-20 04:02:25'),(1050,96,'4','3','2013-04-20 04:08:31'),(1051,96,'4','3','2013-04-20 04:14:18'),(1052,96,'4','3','2013-04-20 04:16:48'),(1053,97,'0','10','2013-04-20 04:24:29'),(1054,97,'2','5','2013-04-20 04:31:04'),(1055,97,'0','5','2013-04-20 04:37:37'),(1056,97,'2','5','2013-04-20 04:46:50'),(1057,97,'0','5','2013-04-20 04:55:09'),(1058,97,'2','5','2013-04-20 05:01:32'),(1059,97,'0','5','2013-04-20 05:07:49'),(1061,97,'2','5','2013-04-20 05:16:44'),(1062,97,'3','4','2013-04-20 05:21:58'),(1063,97,'4','3','2013-04-20 05:26:59'),(1064,98,'5','2','2013-04-20 05:36:00'),(1065,98,'4','3','2013-04-20 05:47:16'),(1066,98,'4','3','2013-04-20 05:51:06'),(1067,98,'5','2','2013-04-20 05:57:38'),(1068,98,'4','3','2013-04-20 06:02:40'),(1069,98,'3','4','2013-04-20 06:10:10'),(1070,98,'5','2','2013-04-20 06:15:36'),(1071,98,'2','5','2013-04-20 06:22:15'),(1072,98,'0','5','2013-04-20 06:28:16'),(1073,98,'2','5','2013-04-20 06:36:53'),(1074,98,'3','4','2013-04-20 06:43:32'),(1075,98,'5','0','2013-04-20 06:47:27'),(1076,98,'10','0','2013-04-20 06:51:46'),(1077,99,'2','5','2013-04-20 06:59:07'),(1078,99,'4','3','2013-04-20 07:08:04'),(1079,99,'2','5','2013-04-20 07:14:25'),(1080,99,'4','3','2013-04-20 07:22:20'),(1081,99,'2','5','2013-04-20 07:31:28'),(1082,99,'0','5','2013-04-20 07:36:58'),(1083,99,'0','5','2013-04-20 07:43:11'),(1084,99,'2','5','2013-04-20 07:47:32'),(1085,99,'4','3','2013-04-20 07:53:02'),(1086,99,'0','5','2013-04-20 08:01:56'),(1087,99,'2','5','2013-04-20 08:08:07'),(1088,99,'5','2','2013-04-20 08:11:30'),(1089,100,'3','4','2013-04-20 08:19:42'),(1090,100,'2','5','2013-04-20 08:27:32'),(1091,100,'3','4','2013-04-20 08:36:12'),(1092,100,'2','5','2013-04-20 08:45:54'),(1093,100,'5','0','2013-04-20 08:53:59'),(1094,100,'5','2','2013-04-20 09:04:03'),(1095,100,'2','5','2013-04-20 09:12:45'),(1096,100,'2','5','2013-04-20 09:21:17'),(1097,100,'0','5','2013-04-20 09:28:22'),(1098,100,'0','5','2013-04-20 09:37:07'),(1099,100,'2','5','2013-04-20 09:44:29'),(1100,100,'0','5','2013-04-20 09:50:16'),(1102,102,'2','5','2013-04-28 03:27:27'),(1103,102,'5','2','2013-04-28 03:29:56'),(1104,102,'5','0','2013-04-28 03:38:40'),(1105,102,'5','0','2013-04-28 03:43:09'),(1106,102,'2','5','2013-04-28 03:50:14'),(1107,102,'0','5','2013-04-28 03:57:21'),(1108,102,'4','3','2013-04-28 04:03:50'),(1109,102,'3','4','2013-04-28 04:09:30'),(1110,102,'3','4','2013-04-28 04:21:05'),(1111,102,'4','3','2013-04-28 04:25:30'),(1112,102,'5','2','2013-04-28 04:31:27'),(1113,102,'5','2','2013-04-28 04:39:18'),(1114,102,'2','5','2013-04-28 04:47:04'),(1115,102,'5','2','2013-04-28 04:55:15'),(1116,103,'5','2','2013-04-28 05:04:22'),(1117,103,'5','2','2013-04-28 05:14:39'),(1118,103,'4','3','2013-04-28 05:23:43'),(1119,103,'2','5','2013-04-28 05:30:57'),(1120,103,'0','5','2013-04-28 05:38:33'),(1121,103,'2','5','2013-04-28 05:45:34'),(1122,103,'4','3','2013-04-28 05:50:54'),(1123,103,'4','3','2013-04-28 05:59:45'),(1124,103,'3','4','2013-04-28 06:08:51'),(1125,103,'4','3','2013-04-28 06:16:29'),(1126,103,'3','4','2013-04-28 06:23:42'),(1127,103,'2','5','2013-04-28 06:29:56'),(1128,103,'5','2','2013-04-28 06:39:01'),(1129,103,'4','3','2013-04-28 06:47:10'),(1130,103,'4','3','2013-04-28 06:54:26'),(1131,103,'5','2','2013-04-28 07:01:19'),(1132,103,'5','2','2013-04-28 07:07:07'),(1133,104,'5','0','2013-04-29 02:59:41'),(1134,104,'5','2','2013-04-29 03:06:10'),(1135,104,'5','2','2013-04-29 03:13:00'),(1136,104,'5','2','2013-04-29 03:20:58'),(1137,104,'4','3','2013-04-29 03:27:51'),(1138,104,'2','5','2013-04-29 03:33:43'),(1139,104,'4','3','2013-04-29 03:40:48'),(1140,104,'5','2','2013-04-29 03:46:09'),(1141,104,'5','0','2013-04-29 03:54:22'),(1142,104,'4','3','2013-04-29 03:58:25'),(1143,104,'4','3','2013-04-29 04:05:59'),(1144,104,'0','10','2013-04-29 04:14:10'),(1145,104,'3','4','2013-04-29 04:18:15'),(1146,105,'4','3','2013-04-29 04:26:47'),(1147,105,'5','0','2013-04-29 04:31:37'),(1148,105,'10','0','2013-04-29 04:36:58'),(1149,105,'10','0','2013-04-29 04:41:11'),(1150,105,'5','0','2013-04-29 04:49:02'),(1151,105,'10','0','2013-04-29 04:52:35'),(1152,105,'10','0','2013-04-29 04:57:13'),(1153,106,'5','2','2013-04-29 05:04:14'),(1154,106,'4','3','2013-04-29 05:10:36'),(1155,106,'5','2','2013-04-29 05:18:40'),(1156,106,'5','2','2013-04-29 05:23:53'),(1157,106,'5','2','2013-04-29 05:31:42'),(1158,106,'2','5','2013-04-29 05:42:47'),(1159,106,'2','5','2013-04-29 05:51:25'),(1160,106,'3','4','2013-04-29 05:57:50'),(1161,106,'3','4','2013-04-29 06:05:59'),(1162,106,'2','5','2013-04-29 06:13:15'),(1163,106,'2','5','2013-04-29 06:22:07'),(1164,106,'0','5','2013-04-29 06:26:39'),(1165,106,'3','4','2013-04-29 06:32:34'),(1166,106,'4','3','2013-04-29 06:35:32'),(1167,107,'2','5','2013-05-06 07:42:19'),(1168,107,'0','5','2013-05-06 07:51:40'),(1169,107,'2','5','2013-05-06 07:59:13'),(1170,107,'4','3','2013-05-06 08:06:49'),(1171,107,'5','0','2013-05-06 08:14:52'),(1172,107,'10','0','2013-05-06 08:20:53'),(1173,107,'10','0','2013-05-06 08:27:13'),(1174,107,'10','0','2013-05-06 08:35:15'),(1175,107,'10','0','2013-05-06 08:41:24'),(1176,108,'3','4','2013-05-06 08:50:39'),(1177,108,'5','0','2013-05-06 08:58:32'),(1178,108,'5','2','2013-05-06 09:04:32'),(1179,108,'2','5','2013-05-06 09:15:07'),(1180,108,'4','3','2013-05-06 09:27:57'),(1181,108,'2','5','2013-05-06 09:37:50'),(1182,108,'3','4','2013-05-06 09:44:57'),(1183,108,'2','5','2013-05-06 09:51:35'),(1184,108,'0','10','2013-05-06 10:01:39'),(1185,108,'0','10','2013-05-06 10:10:36'),(1186,108,'4','3','2013-05-06 10:14:00'),(1187,109,'2','5','2013-05-06 10:28:21'),(1188,109,'0','5','2013-05-06 10:33:40'),(1189,109,'0','10','2013-05-06 10:51:36'),(1190,109,'0','5','2013-05-06 11:04:12'),(1191,109,'2','5','2013-05-06 11:16:01'),(1192,109,'0','5','2013-05-06 11:28:22'),(1193,109,'3','4','2013-05-06 11:35:33'),(1194,109,'2','5','2013-05-06 11:44:34'),(1195,109,'3','4','2013-05-06 11:53:46'),(1196,109,'4','3','2013-05-06 12:01:53'),(1197,110,'5','2','2013-05-17 02:05:41'),(1198,110,'3','4','2013-05-17 02:14:31'),(1199,110,'3','4','2013-05-17 02:22:14'),(1200,110,'2','5','2013-05-17 02:33:27'),(1201,110,'2','5','2013-05-17 02:41:39'),(1202,110,'2','5','2013-05-17 02:51:16'),(1203,110,'5','2','2013-05-17 02:55:22'),(1204,110,'4','3','2013-05-17 03:05:50'),(1206,110,'2','5','2013-05-17 03:15:58'),(1207,110,'2','5','2013-05-17 03:19:39'),(1208,110,'0','10','2013-05-17 03:25:00'),(1209,111,'2','5','2013-05-17 03:32:04'),(1210,111,'0','5','2013-05-17 03:40:54'),(1211,111,'3','4','2013-05-17 03:50:02'),(1212,111,'5','2','2013-05-17 03:58:35'),(1213,111,'0','5','2013-05-17 04:09:13'),(1214,111,'0','5','2013-05-17 04:19:17'),(1215,111,'0','10','2013-05-17 04:28:34'),(1216,111,'0','10','2013-05-17 04:33:38'),(1217,111,'4','3','2013-05-17 04:40:24'),(1218,111,'4','3','2013-05-17 04:46:23'),(1219,112,'3','4','2013-05-17 04:54:38'),(1220,112,'3','4','2013-05-17 05:03:54'),(1221,112,'2','5','2013-05-17 05:12:51'),(1222,112,'2','5','2013-05-17 05:20:53'),(1223,112,'3','4','2013-05-17 05:29:15'),(1224,112,'0','5','2013-05-17 05:37:22'),(1225,112,'2','5','2013-05-17 05:48:51'),(1226,112,'2','5','2013-05-17 06:00:05'),(1227,112,'5','2','2013-05-17 06:07:55'),(1228,112,'5','2','2013-05-17 06:14:01'),(1229,112,'3','4','2013-05-17 06:22:27'),(1230,112,'3','4','2013-05-17 06:33:44'),(1231,112,'5','2','2013-05-17 06:40:19'),(1232,113,'3','4','2013-05-19 04:15:58'),(1233,113,'5','0','2013-05-19 04:26:17'),(1234,113,'5','0','2013-05-19 04:35:41'),(1235,113,'4','3','2013-05-19 04:45:41'),(1236,113,'5','2','2013-05-19 04:54:21'),(1237,113,'5','2','2013-05-19 05:01:45'),(1238,113,'5','2','2013-05-19 05:08:34'),(1239,113,'4','3','2013-05-19 05:18:33'),(1240,113,'5','2','2013-05-19 05:25:41'),(1241,113,'5','0','2013-05-19 05:32:48'),(1242,113,'2','5','2013-05-19 05:45:30'),(1243,113,'2','5','2013-05-19 05:55:05'),(1244,114,'2','5','2013-05-19 06:07:04'),(1245,114,'3','4','2013-05-19 06:15:57'),(1246,114,'5','0','2013-05-19 06:21:45'),(1247,114,'10','0','2013-05-19 06:28:17'),(1248,114,'4','3','2013-05-19 06:34:19'),(1249,114,'3','4','2013-05-19 06:44:41'),(1250,114,'3','4','2013-05-19 06:49:46'),(1251,114,'0','5','2013-05-19 07:11:26'),(1252,114,'2','5','2013-05-19 07:18:27'),(1253,114,'0','5','2013-05-19 07:25:49'),(1254,114,'0','10','2013-05-19 07:31:09'),(1255,114,'2','5','2013-05-19 07:35:34'),(1256,115,'0','5','2013-05-19 07:44:11'),(1257,115,'0','10','2013-05-19 07:50:36'),(1258,115,'0','10','2013-05-19 07:55:28'),(1259,115,'3','4','2013-05-19 08:03:02'),(1260,115,'0','5','2013-05-19 08:11:30'),(1261,115,'0','10','2013-05-19 08:16:37'),(1262,115,'0','10','2013-05-19 08:21:19'),(1263,116,'3','4','2013-05-24 03:37:32'),(1264,116,'4','3','2013-05-24 03:43:21'),(1265,116,'0','10','2013-05-24 03:48:01'),(1266,116,'0','5','2013-05-24 03:57:16'),(1267,116,'2','5','2013-05-24 04:07:09'),(1268,116,'4','3','2013-05-24 04:12:28'),(1269,116,'5','0','2013-05-24 04:18:25'),(1270,116,'5','2','2013-05-24 04:26:09'),(1271,116,'5','2','2013-05-24 04:32:37'),(1272,116,'5','0','2013-05-24 04:46:07'),(1273,116,'5','0','2013-05-24 04:53:38'),(1274,116,'5','0','2013-05-24 05:00:49'),(1275,116,'4','3','2013-05-24 05:10:06'),(1276,116,'3','4','2013-05-24 05:12:44'),(1277,117,'2','5','2013-05-24 05:21:01'),(1278,117,'2','5','2013-05-24 05:27:41'),(1279,117,'10','0','2013-05-24 05:35:46'),(1280,117,'10','0','2013-05-24 05:40:53'),(1281,117,'10','0','2013-05-24 05:46:48'),(1282,117,'10','0','2013-05-24 05:51:54'),(1283,117,'10','0','2013-05-24 05:55:49'),(1284,118,'5','0','2013-05-24 06:09:37'),(1285,118,'5','2','2013-05-24 06:12:10'),(1286,118,'0','5','2013-05-24 06:24:40'),(1287,118,'0','5','2013-05-24 06:31:54'),(1288,118,'3','4','2013-05-24 06:38:16'),(1289,118,'2','5','2013-05-24 06:47:17'),(1290,118,'2','5','2013-05-24 06:54:52'),(1291,118,'0','5','2013-05-24 07:00:48'),(1292,118,'2','5','2013-05-24 07:06:37'),(1293,118,'3','4','2013-05-24 07:15:27'),(1294,118,'3','4','2013-05-24 07:23:18'),(1295,118,'0','5','2013-05-24 07:30:18'),(1296,118,'5','2','2013-05-24 07:32:54'),(1297,119,'5','0','2013-05-29 03:46:27'),(1298,119,'5','0','2013-05-29 03:52:46'),(1299,119,'10','0','2013-05-29 03:57:42'),(1300,119,'5','2','2013-05-29 04:04:27'),(1301,119,'3','4','2013-05-29 04:12:13'),(1302,119,'3','4','2013-05-29 04:19:30'),(1303,119,'2','5','2013-05-29 04:26:05'),(1304,119,'0','5','2013-05-29 04:32:23'),(1305,119,'0','10','2013-05-29 04:38:42'),(1306,119,'0','5','2013-05-29 04:43:29'),(1307,119,'2','5','2013-05-29 04:54:58'),(1308,119,'3','4','2013-05-29 05:03:26'),(1309,119,'3','4','2013-05-29 05:10:51'),(1310,119,'5','2','2013-05-29 05:15:52');
/*!40000 ALTER TABLE `game_score` ENABLE KEYS */;
UNLOCK TABLES;

--
-- Table structure for table `games`
--

DROP TABLE IF EXISTS `games`;
/*!40101 SET @saved_cs_client     = @@character_set_client */;
/*!40101 SET character_set_client = utf8 */;
CREATE TABLE `games` (
  `game_id` int(11) NOT NULL AUTO_INCREMENT,
  `status` varchar(45) DEFAULT 'STARTED',
  `isOverpoints` tinyint(4) DEFAULT '0',
  `tag` mediumtext,
  `points_to_win` int(11) DEFAULT '50',
  `timestamp` timestamp NULL DEFAULT CURRENT_TIMESTAMP,
  `team_red` varchar(500) NOT NULL,
  `team_blue` varchar(500) NOT NULL,
  `complete_time` timestamp NULL DEFAULT NULL,
  PRIMARY KEY (`game_id`)
) ENGINE=InnoDB AUTO_INCREMENT=120 DEFAULT CHARSET=latin1;
/*!40101 SET character_set_client = @saved_cs_client */;

--
-- Dumping data for table `games`
--

LOCK TABLES `games` WRITE;
/*!40000 ALTER TABLE `games` DISABLE KEYS */;
INSERT INTO `games` VALUES (3,'COMPLETE',0,'',50,'2012-12-24 11:34:19','Stanley|Ted|David','Joe|Jacky|Edmond','2012-12-24 11:35:29'),(4,'COMPLETE',0,'',50,'2012-12-24 12:35:38','Ian|Ted|Edmond','Stanley|Mitchell|Joe','2012-12-24 12:39:18'),(5,'COMPLETE',0,'',50,'2012-12-25 06:16:14','Jacky|Ted|Edmond','David|Ian|Adrian','2012-12-25 06:58:11'),(7,'COMPLETE',0,'',50,'2012-12-31 08:15:28','Joe|Jacky|Edmond','Ted|David|Andrew','2012-12-31 09:18:47'),(8,'COMPLETE',0,'',50,'2012-12-31 09:23:46','Ted|Jacky|Andrew','Joe|David|Edmond','2012-12-31 10:25:53'),(9,'COMPLETE',0,'',50,'2012-12-31 10:27:05','Ted|Edmond|Andrew','Jacky|Joe|David','2012-12-31 11:33:14'),(10,'COMPLETE',0,'',50,'2013-01-04 04:21:32','Stanley|Ted|Ian','Joe|Adrian|David','2013-01-04 05:37:01'),(11,'COMPLETE',0,'',50,'2013-01-04 05:38:53','Joe|Jacky|Adrian','Edmond|Ted|Stanley','2013-01-04 07:01:17'),(12,'COMPLETE',0,'',50,'2013-01-06 07:21:36','Ted|Ian|David','Joe|Jacky|Edmond','2013-01-06 08:53:03'),(13,'COMPLETE',0,'',50,'2013-01-06 08:53:44','Edmond|Jacky|Ian','Joe|Ted|David','2013-01-06 10:02:58'),(14,'COMPLETE',0,'',50,'2013-01-06 10:03:46','Ted|Jacky|David','Edmond|Joe|Ian','2013-01-06 11:48:47'),(16,'COMPLETE',0,'',50,'2013-01-12 03:29:57','Ian|David|Adrian','Stanley|Joe|Ted','2013-01-12 04:23:51'),(17,'COMPLETE',0,'',50,'2013-01-12 04:24:40','Joe|David|Ian','Adrian|Ted|Stanley','2013-01-12 05:57:47'),(18,'COMPLETE',0,'',50,'2013-01-12 05:58:50','Stanley|Ian|Ted','Joe|Adrian|David','2013-01-12 06:56:48'),(19,'COMPLETE',0,'',50,'2013-01-12 07:00:01','Andrew|Ted|Ian','David|Joe|Stanley','2013-01-12 08:14:59'),(21,'COMPLETE',0,'',50,'2013-01-12 08:16:08','Stanley|Ian|Andrew','David|Ted|Joe','2013-01-12 09:16:49'),(22,'COMPLETE',0,'',50,'2013-01-12 09:18:45','Stanley|David|Andrew','Joe|Ted|Ian','2013-01-12 10:28:15'),(23,'COMPLETE',0,'',50,'2013-01-19 03:12:18','Stanley|Edmond|Ted','Joe|Joseph|Ian','2013-01-19 05:02:29'),(24,'COMPLETE',0,'',50,'2013-01-19 05:06:46','Ian|Joseph|Ted','Andrew|Joe|Edmond','2013-01-19 06:20:22'),(25,'COMPLETE',0,'',50,'2013-01-19 06:22:42','Stanley|Andrew|Edmond','Ted|Joe|Ian','2013-01-19 08:23:10'),(26,'COMPLETE',0,'',50,'2013-01-19 08:29:00','Joseph|Ian|Andrew','Ted|Edmond|Joe','2013-01-19 10:27:47'),(27,'COMPLETE',0,'',50,'2013-01-19 10:29:41','Ted|Ian|Andrew','Edmond|Joe|Joseph','2013-01-19 11:21:41'),(28,'COMPLETE',0,'',50,'2013-01-24 05:42:00','Jacky|Ian|Joe','Stanley|Ted|Edmond','2013-01-24 06:45:32'),(29,'COMPLETE',0,'',50,'2013-01-24 06:46:41','Joe|Jacky|Edmond','Ian|Ted|Stanley','2013-01-24 07:16:35'),(30,'COMPLETE',0,'',50,'2013-01-27 01:20:46','David|Adrian|Stanley','Ted|Ian|Joe','2013-01-27 02:50:40'),(31,'COMPLETE',0,'',50,'2013-01-27 04:21:50','David|Joe|Ian','Adrian|Stanley|Ted','2013-01-27 05:52:32'),(32,'COMPLETE',0,'',50,'2013-01-27 05:54:48','Joe|Ted|David','Ian|Stanley|Adrian','2013-01-27 07:14:08'),(33,'COMPLETE',0,'',50,'2013-01-27 07:15:34','Ian|Adrian|Ted','David|Joe|Stanley','2013-01-27 08:30:02'),(34,'COMPLETE',0,'',50,'2013-01-28 06:09:20','David|Ian|Andrew','Joe|Jacky|Stanley','2013-01-28 07:13:34'),(35,'COMPLETE',0,'',50,'2013-01-28 07:15:14','Joe|Ian|Stanley','David|Jacky|Andrew','2013-01-28 08:14:17'),(36,'COMPLETE',0,'',50,'2013-02-02 04:05:17','Andrew|David|Adrian','Joe|Ian|Stanley','2013-02-02 05:23:17'),(37,'COMPLETE',0,'',50,'2013-02-02 05:31:35','Stanley|Andrew|Joe','Adrian|Ian|David','2013-02-02 06:15:28'),(38,'COMPLETE',0,'',50,'2013-02-02 06:18:44','Stanley|Adrian|Andrew','David|Ian|Joe','2013-02-02 07:52:59'),(39,'COMPLETE',0,'',50,'2013-02-02 07:56:26','Adrian|David|Stanley','Andrew|Ian|Joe','2013-02-02 08:48:57'),(42,'COMPLETE',0,'',50,'2013-02-09 03:04:49','Ian|Joseph|David','Joe|Mitchell|Ted','2013-02-09 04:14:18'),(43,'COMPLETE',0,'',50,'2013-02-09 04:15:07','Joe|Ted|David','Ian|Joseph|Mitchell','2013-02-09 05:14:57'),(44,'COMPLETE',0,'',50,'2013-02-09 05:20:37','Joseph|Joe|Ted','Ian|David|Mitchell','2013-02-09 06:34:33'),(45,'COMPLETE',0,'',50,'2013-02-09 06:35:17','Mitchell|David|Ted','Joseph|Joe|Ian','2013-02-09 08:14:32'),(46,'COMPLETE',0,'',50,'2013-02-09 08:17:02','Joseph|Joe|David','Mitchell|Ian|Ted','2013-02-09 09:24:49'),(47,'COMPLETE',0,'',50,'2013-02-09 09:27:24','Mitchell|Joseph|Joe','Ted|Ian|David','2013-02-09 10:26:55'),(48,'COMPLETE',0,'',50,'2013-02-16 02:39:04','Ted|David|Edmond','Joe|Stanley|Mitchell','2013-02-16 03:44:00'),(49,'COMPLETE',0,'',50,'2013-02-16 03:44:27','Mitchell|Ted|Edmond','Stanley|Joe|David','2013-02-16 04:50:06'),(50,'COMPLETE',0,'',50,'2013-02-16 04:50:57','Stanley|Edmond|Joe','Mitchell|David|Ted','2013-02-16 06:09:00'),(51,'COMPLETE',0,'',50,'2013-02-16 06:09:34','David|Joe|Ted','Mitchell|Edmond|Stanley','2013-02-16 07:19:56'),(52,'COMPLETE',0,'',50,'2013-02-16 07:21:59','Joe|Ted|Edmond','Mitchell|Stanley|David','2013-02-16 08:48:39'),(53,'COMPLETE',0,'',50,'2013-02-16 08:49:20','Joe|Edmond|David','Stanley|Mitchell|Ted','2013-02-16 09:41:33'),(55,'COMPLETE',0,'',50,'2013-02-21 03:05:31','Joe|Mitchell|Stanley','Edmond|Ian|Ted','2013-02-21 03:53:38'),(56,'COMPLETE',0,'',50,'2013-02-21 03:54:32','Ian|Edmond|Joe','Mitchell|Stanley|Ted','2013-02-21 05:06:45'),(57,'COMPLETE',0,'',50,'2013-02-21 05:08:24','Edmond|Ian|Stanley','Mitchell|Ted|Joe','2013-02-21 06:33:01'),(58,'COMPLETE',0,'',50,'2013-02-21 06:34:45','Edmond|Joe|Mitchell','Andrew|Ted|Stanley','2013-02-21 07:16:06'),(59,'COMPLETE',0,'',50,'2013-02-21 07:17:33','Edmond|Andrew|Ted','Ian|Joe|Mitchell','2013-02-21 08:20:50'),(60,'COMPLETE',0,'',50,'2013-03-01 03:15:14','David|Edmond|Stanley','Ted|Joe|Jacky','2013-03-01 04:50:35'),(62,'COMPLETE',0,'',50,'2013-03-01 04:54:29','Ted|Jacky|Edmond','Joe|Stanley|David','2013-03-01 06:25:06'),(63,'COMPLETE',0,'',50,'2013-03-01 06:26:24','David|Ted|Jacky','Stanley|Edmond|Joe','2013-03-01 07:37:49'),(64,'COMPLETE',0,'',50,'2013-03-03 03:45:08','Ian|Ted|David','Stanley|Mitchell|Joe','2013-03-03 04:21:38'),(65,'COMPLETE',0,'',50,'2013-03-03 04:22:25','Joe|Stanley|David','Mitchell|Ian|Ted','2013-03-03 05:57:40'),(66,'COMPLETE',1,'',50,'2013-03-03 05:58:06','Ian|Joe|Mitchell','Stanley|Ted|David','2013-03-03 07:58:54'),(67,'COMPLETE',0,'',50,'2013-03-03 07:59:34','Ted|David|Joe','Mitchell|Stanley|Ian','2013-03-03 09:30:32'),(69,'COMPLETE',0,'',50,'2013-03-09 04:59:13','Ted|Joe|Jacky','Edmond|David|Stanley','2013-03-09 05:35:45'),(70,'COMPLETE',0,'',50,'2013-03-09 05:44:40','Edmond|Jacky|Joe','Mitchell|Ted|Stanley','2013-03-09 07:01:12'),(71,'COMPLETE',0,'',50,'2013-03-09 07:02:02','Joe|Mitchell|David','Ted|Edmond|Jacky','2013-03-09 08:22:47'),(72,'COMPLETE',0,'',50,'2013-03-23 01:48:35','Joe|Mitchell|Ted','Edmond|Stanley|Ian','2013-03-23 03:13:39'),(73,'COMPLETE',1,'',50,'2013-03-23 03:14:53','Mitchell|Ian|Edmond','Ted|Stanley|Joe','2013-03-23 04:58:20'),(74,'COMPLETE',1,'',50,'2013-03-23 04:58:48','Ian|Ted|Mitchell','Stanley|Edmond|Joe','2013-03-23 07:14:56'),(75,'COMPLETE',0,'',50,'2013-03-23 07:24:26','Ian|Joe|Ted','Stanley|Mitchell|Edmond','2013-03-23 08:28:46'),(76,'COMPLETE',0,'',50,'2013-03-29 02:30:25','Ted|David|Joe','Edmond|Ian|Stanley','2013-03-29 03:49:52'),(77,'COMPLETE',0,'',50,'2013-03-29 03:50:31','Joe|Stanley|Ian','Ted|Edmond|David','2013-03-29 05:38:38'),(78,'COMPLETE',1,'',50,'2013-03-29 05:40:07','Edmond|Stanley|Joe','Andrew|Ian|David','2013-03-29 07:57:00'),(79,'COMPLETE',0,'',50,'2013-03-29 08:06:40','Andrew|David|Ted','Ian|Joe|Stanley','2013-03-29 09:13:50'),(80,'COMPLETE',0,'',50,'2013-03-29 09:14:49','Ted|Stanley|David','Ian|Joe|Andrew','2013-03-29 10:23:53'),(81,'COMPLETE',0,'',50,'2013-04-01 00:40:47','Andrew|Adrian|Ian','Edmond|Joe|David','2013-04-01 02:22:16'),(83,'COMPLETE',0,'',50,'2013-04-01 03:21:38','Ian|Andrew|Edmond','Adrian|David|Joe','2013-04-01 05:04:43'),(84,'COMPLETE',0,'',50,'2013-04-01 05:05:25','Edmond|Andrew|Adrian','Ian|David|Joe','2013-04-01 06:27:46'),(85,'COMPLETE',0,'',50,'2013-04-06 02:40:01','Mitchell|Ian|Stanley','Joe|David|Ted','2013-04-06 03:29:36'),(86,'COMPLETE',0,'',50,'2013-04-06 03:30:50','Ian|Joe|Stanley','Ted|David|Mitchell','2013-04-06 05:04:55'),(87,'COMPLETE',0,'',50,'2013-04-06 05:10:45','David|Ian|Mitchell','Joe|Ted|Stanley','2013-04-06 06:03:29'),(88,'COMPLETE',0,'',50,'2013-04-06 06:05:06','Ted|Ian|David','Joe|Mitchell|Stanley','2013-04-06 07:26:45'),(89,'COMPLETE',0,'',50,'2013-04-08 01:29:05','Mitchell|Ian|Adrian','Joe|David|Ted','2013-04-08 03:12:18'),(90,'COMPLETE',0,'',50,'2013-04-08 03:10:51','Ian|Ted|Joe','Mitchell|Adrian|David','2013-04-08 04:28:33'),(91,'COMPLETE',0,'',50,'2013-04-08 04:29:14','Mitchell|David|Ian','Joe|Ted|Adrian','2013-04-08 05:30:25'),(92,'COMPLETE',0,'',50,'2013-04-08 05:30:35','Joe|David|Ian','Ted|Adrian|Mitchell','2013-04-08 06:38:32'),(93,'COMPLETE',0,'',50,'2013-04-13 03:27:53','Ted|Andrew|Ian','Mitchell|David|Joe','2013-04-13 05:15:39'),(94,'COMPLETE',0,'',50,'2013-04-13 05:20:59','Mitchell|Ted|Joe','Andrew|Ian|David','2013-04-13 06:58:25'),(95,'COMPLETE',0,'',50,'2013-04-20 02:04:28','Ted|Mitchell|Edmond','Joe|Joseph|Stanley','2013-04-20 02:59:24'),(96,'COMPLETE',0,'',50,'2013-04-20 03:09:08','Stanley|Mitchell|Joe','Joseph|Andrew|Ted','2013-04-20 04:16:48'),(97,'COMPLETE',0,'',50,'2013-04-20 04:23:48','Joseph|Ted|Andrew','Stanley|Joe|Edmond','2013-04-20 05:26:59'),(98,'COMPLETE',0,'',50,'2013-04-20 05:30:22','Mitchell|Edmond|Stanley','Joe|Ted|Andrew','2013-04-20 06:51:46'),(99,'COMPLETE',0,'',50,'2013-04-20 06:53:25','Joe|Andrew|Ted','Joseph|Edmond|Mitchell','2013-04-20 08:11:30'),(100,'COMPLETE',0,'',50,'2013-04-20 08:13:02','Mitchell|Andrew|Edmond','Ted|Joseph|Joe','2013-04-20 09:50:16'),(102,'COMPLETE',0,'',50,'2013-04-28 03:19:09','Stanley|Ian|Edmond','Mitchell|Joe|Andrew','2013-04-28 04:55:18'),(103,'COMPLETE',1,'',50,'2013-04-28 04:56:54','David|Joe|Ian','Edmond|Mitchell|Andrew','2013-04-28 07:07:10'),(104,'COMPLETE',0,'',50,'2013-04-29 02:52:08','Ian|Joe|Joseph','Ted|David|Mitchell','2013-04-29 04:18:15'),(105,'COMPLETE',0,'',50,'2013-04-29 04:18:52','Joseph|Mitchell|Joe','David|Ian|Ted','2013-04-29 04:57:13'),(106,'COMPLETE',0,'',50,'2013-04-29 04:57:47','Joseph|Ted|Ian','David|Mitchell|Joe','2013-04-29 06:35:32'),(107,'COMPLETE',0,'',50,'2013-05-06 07:30:52','Mitchell|Stanley|Ian','Joe|Joseph|David','2013-05-06 08:41:27'),(108,'COMPLETE',0,'',50,'2013-05-06 08:42:15','Ian|Stanley|Joe','Mitchell|Joseph|David','2013-05-06 10:14:03'),(109,'COMPLETE',0,'',50,'2013-05-06 10:15:17','Joseph|Ian|Stanley','David|Mitchell|Joe','2013-05-06 12:01:56'),(110,'COMPLETE',0,'',50,'2013-05-17 01:56:31','Ian|David|Mitchell','Stanley|Joseph|Joe','2013-05-17 03:25:03'),(111,'COMPLETE',0,'',50,'2013-05-17 03:25:44','Ian|Mitchell|Joseph','Joe|Stanley|David','2013-05-17 04:46:26'),(112,'COMPLETE',0,'',50,'2013-05-17 04:48:13','Mitchell|Ian|Stanley','Joseph|Joe|David','2013-05-17 06:40:22'),(113,'COMPLETE',0,'',50,'2013-05-19 03:57:12','Joseph|Ian|Adrian','Mitchell|Joe|Ted','2013-05-19 05:55:05'),(114,'COMPLETE',0,'',50,'2013-05-19 05:55:57','Ted|Joseph|Adrian','Ian|Mitchell|Joe','2013-05-19 07:35:34'),(115,'COMPLETE',0,'',50,'2013-05-19 07:36:08','Joseph|Mitchell|Adrian','Joe|Ted|Ian','2013-05-19 08:21:19'),(116,'COMPLETE',0,'',50,'2013-05-24 03:35:05','Joe|Ian|Jacky','David|Stanley|Mitchell','2013-05-24 05:12:47'),(117,'COMPLETE',0,'',50,'2013-05-24 05:19:40','Mitchell|Ian|Joe','Jacky|David|Stanley','2013-05-24 05:55:52'),(118,'COMPLETE',0,'',50,'2013-05-24 05:56:16','Jacky|Mitchell|Ian','Stanley|Joe|David','2013-05-24 07:32:57'),(119,'COMPLETE',0,'',50,'2013-05-29 03:40:14','Joe|Joseph|Ted','Edmond|Ian|Jacky','2013-05-29 05:15:52');
/*!40000 ALTER TABLE `games` ENABLE KEYS */;
UNLOCK TABLES;
/*!40103 SET TIME_ZONE=@OLD_TIME_ZONE */;

/*!40101 SET SQL_MODE=@OLD_SQL_MODE */;
/*!40014 SET FOREIGN_KEY_CHECKS=@OLD_FOREIGN_KEY_CHECKS */;
/*!40014 SET UNIQUE_CHECKS=@OLD_UNIQUE_CHECKS */;
/*!40101 SET CHARACTER_SET_CLIENT=@OLD_CHARACTER_SET_CLIENT */;
/*!40101 SET CHARACTER_SET_RESULTS=@OLD_CHARACTER_SET_RESULTS */;
/*!40101 SET COLLATION_CONNECTION=@OLD_COLLATION_CONNECTION */;
/*!40111 SET SQL_NOTES=@OLD_SQL_NOTES */;

-- Dump completed on 2013-05-29 21:01:47
